"release_order","build_id","title","field","primary_audience","hook","core_proposition","linkedin_post","linkedin_url","hashtags","x_variant","instagram_variant"
"1","100","Island Resilience Scenario & Decision Room","Law, governance & evidence","Legal and policy leaders","Put resilience decisions in the room. Compare island scenarios, tradeoffs, evidence and accountable action.","Turn the scenario into accountable action.","Put resilience decisions in the room. Compare island scenarios, tradeoffs, evidence and accountable action.

Turn the scenario into accountable action.

Build 100 is one part of my 100 Builds experiment: research, strategy, design and implementation applied to questions too messy for a single discipline. Watch the 30-second cut, then explore the interactive version.

https://rn-portfolio-khaki.vercel.app/100-builds/100/b/

#LegalDesign #AIGovernance #Evidence","https://rn-portfolio-khaki.vercel.app/100-builds/100/b/","#LegalDesign #AIGovernance #Evidence","Put resilience decisions in the room. Compare island scenarios, tradeoffs, evidence and accountable action. https://rn-portfolio-khaki.vercel.app/100-builds/100/b/","Put resilience decisions in the room. Compare island scenarios, tradeoffs, evidence and accountable action.

Turn the scenario into accountable action.

Build 100/100. Film + interactive at the link in bio.

#LegalDesign #AIGovernance #Evidence"
"2","001","Human Review Design Framework","Human systems & health","Health and human-centered teams","TIMING. WHEN DO THEY SEE IT? Before the consequence, while change remains possible.","A human is a control only if they can change the outcome.","TIMING. WHEN DO THEY SEE IT? Before the consequence, while change remains possible.

A human is a control only if they can change the outcome.

Build 001 is one part of my 100 Builds experiment: research, strategy, design and implementation applied to questions too messy for a single discipline. Watch the 30-second cut, then explore the interactive version.

https://rn-portfolio-khaki.vercel.app/100-builds/001/b/

#HumanCenteredDesign #HealthInnovation #SystemsThinking","https://rn-portfolio-khaki.vercel.app/100-builds/001/b/","#HumanCenteredDesign #HealthInnovation #SystemsThinking","TIMING. WHEN DO THEY SEE IT? Before the consequence, while change remains possible. https://rn-portfolio-khaki.vercel.app/100-builds/001/b/","TIMING. WHEN DO THEY SEE IT? Before the consequence, while change remains possible.

A human is a control only if they can change the outcome.

Build 001/100. Film + interactive at the link in bio.

#HumanCenteredDesign #HealthInnovation #SystemsThinking"
"3","002","Multi-Audience Meaning Architecture","Culture, media & communication","Creators, brands and media teams","SOURCE TRUTH. LOCK WHAT CANNOT MOVE. Names, numbers, negation, uncertainty, material facts.","Change the language. Keep the truth anchored.","SOURCE TRUTH. LOCK WHAT CANNOT MOVE. Names, numbers, negation, uncertainty, material facts.

Change the language. Keep the truth anchored.

Build 002 is one part of my 100 Builds experiment: research, strategy, design and implementation applied to questions too messy for a single discipline. Watch the 30-second cut, then explore the interactive version.

https://rn-portfolio-khaki.vercel.app/100-builds/002/b/

#CreativeStrategy #MediaInnovation #AudienceDesign","https://rn-portfolio-khaki.vercel.app/100-builds/002/b/","#CreativeStrategy #MediaInnovation #AudienceDesign","SOURCE TRUTH. LOCK WHAT CANNOT MOVE. Names, numbers, negation, uncertainty, material facts. https://rn-portfolio-khaki.vercel.app/100-builds/002/b/","SOURCE TRUTH. LOCK WHAT CANNOT MOVE. Names, numbers, negation, uncertainty, material facts.

Change the language. Keep the truth anchored.

Build 002/100. Film + interactive at the link in bio.

#CreativeStrategy #MediaInnovation #AudienceDesign"
"4","050","A room is not neutral","Human systems & health","Health and human-centered teams","A room is not neutral. Examine how environmental conditions shape different experiences.","Design space from lived response.","A room is not neutral. Examine how environmental conditions shape different experiences.

Design space from lived response.

Build 050 is one part of my 100 Builds experiment: research, strategy, design and implementation applied to questions too messy for a single discipline. Watch the 30-second cut, then explore the interactive version.

https://rn-portfolio-khaki.vercel.app/100-builds/050/b/

#HumanCenteredDesign #HealthInnovation #SystemsThinking","https://rn-portfolio-khaki.vercel.app/100-builds/050/b/","#HumanCenteredDesign #HealthInnovation #SystemsThinking","A room is not neutral. Examine how environmental conditions shape different experiences. https://rn-portfolio-khaki.vercel.app/100-builds/050/b/","A room is not neutral. Examine how environmental conditions shape different experiences.

Design space from lived response.

Build 050/100. Film + interactive at the link in bio.

#HumanCenteredDesign #HealthInnovation #SystemsThinking"
"5","084","Who Created the Value—and Who Gets It?","Law, governance & evidence","Legal and policy leaders","Who created the value—and who gets it? Trace contributions, rights, risk and benefit distribution.","Distribute benefits by design.","Who created the value—and who gets it? Trace contributions, rights, risk and benefit distribution.

Distribute benefits by design.

Build 084 is one part of my 100 Builds experiment: research, strategy, design and implementation applied to questions too messy for a single discipline. Watch the 30-second cut, then explore the interactive version.

https://rn-portfolio-khaki.vercel.app/100-builds/084/b/

#LegalDesign #AIGovernance #Evidence","https://rn-portfolio-khaki.vercel.app/100-builds/084/b/","#LegalDesign #AIGovernance #Evidence","Who created the value—and who gets it? Trace contributions, rights, risk and benefit distribution. https://rn-portfolio-khaki.vercel.app/100-builds/084/b/","Who created the value—and who gets it? Trace contributions, rights, risk and benefit distribution.

Distribute benefits by design.

Build 084/100. Film + interactive at the link in bio.

#LegalDesign #AIGovernance #Evidence"
"6","038","A benchmark is not performance","Law, governance & evidence","Legal and policy leaders","A benchmark is not performance. Evaluate AI inside the domain and decision that matter.","Bound exactly what the score proves.","A benchmark is not performance. Evaluate AI inside the domain and decision that matter.

Bound exactly what the score proves.

Build 038 is one part of my 100 Builds experiment: research, strategy, design and implementation applied to questions too messy for a single discipline. Watch the 30-second cut, then explore the interactive version.

https://rn-portfolio-khaki.vercel.app/100-builds/038/b/

#LegalDesign #AIGovernance #Evidence","https://rn-portfolio-khaki.vercel.app/100-builds/038/b/","#LegalDesign #AIGovernance #Evidence","A benchmark is not performance. Evaluate AI inside the domain and decision that matter. https://rn-portfolio-khaki.vercel.app/100-builds/038/b/","A benchmark is not performance. Evaluate AI inside the domain and decision that matter.

Bound exactly what the score proves.

Build 038/100. Film + interactive at the link in bio.

#LegalDesign #AIGovernance #Evidence"
"7","065","Continuity Beyond the Session","Law, governance & evidence","Legal and policy leaders","Silent-first LinkedIn cut transcript","CARE CONTINUES WHEN OWNERSHIP, PERMISSION, EVIDENCE, AND RECOURSE STAY VISIBLE.","Silent-first LinkedIn cut transcript

CARE CONTINUES WHEN OWNERSHIP, PERMISSION, EVIDENCE, AND RECOURSE STAY VISIBLE.

Build 065 is one part of my 100 Builds experiment: research, strategy, design and implementation applied to questions too messy for a single discipline. Watch the 30-second cut, then explore the interactive version.

https://rn-portfolio-khaki.vercel.app/100-builds/065/b/

#LegalDesign #AIGovernance #Evidence","https://rn-portfolio-khaki.vercel.app/100-builds/065/b/","#LegalDesign #AIGovernance #Evidence","Silent-first LinkedIn cut transcript https://rn-portfolio-khaki.vercel.app/100-builds/065/b/","Silent-first LinkedIn cut transcript

CARE CONTINUES WHEN OWNERSHIP, PERMISSION, EVIDENCE, AND RECOURSE STAY VISIBLE.

Build 065/100. Film + interactive at the link in bio.

#LegalDesign #AIGovernance #Evidence"
"8","014","The Answer Has Layers","AI, systems & organizational design","Founders, operators and innovation teams","LAYERS. RESEARCH. INTERPRETATION. INFERENCE. Each needs sources, authority, supervision, record.","Responsibility does not move with the text.","LAYERS. RESEARCH. INTERPRETATION. INFERENCE. Each needs sources, authority, supervision, record.

Responsibility does not move with the text.

Build 014 is one part of my 100 Builds experiment: research, strategy, design and implementation applied to questions too messy for a single discipline. Watch the 30-second cut, then explore the interactive version.

https://rn-portfolio-khaki.vercel.app/100-builds/014/b/

#ResponsibleAI #SystemsDesign #InnovationStrategy","https://rn-portfolio-khaki.vercel.app/100-builds/014/b/","#ResponsibleAI #SystemsDesign #InnovationStrategy","LAYERS. RESEARCH. INTERPRETATION. INFERENCE. Each needs sources, authority, supervision, record. https://rn-portfolio-khaki.vercel.app/100-builds/014/b/","LAYERS. RESEARCH. INTERPRETATION. INFERENCE. Each needs sources, authority, supervision, record.

Responsibility does not move with the text.

Build 014/100. Film + interactive at the link in bio.

#ResponsibleAI #SystemsDesign #InnovationStrategy"
"9","072","Fictional Island Access Comparison","Human systems & health","Health and human-centered teams","PLACE. CHANGE THE PATH. Connect providers, transport, supply, infrastructure, and administration.","Preserve local difference.","PLACE. CHANGE THE PATH. Connect providers, transport, supply, infrastructure, and administration.

Preserve local difference.

Build 072 is one part of my 100 Builds experiment: research, strategy, design and implementation applied to questions too messy for a single discipline. Watch the 30-second cut, then explore the interactive version.

https://rn-portfolio-khaki.vercel.app/100-builds/072/b/

#HumanCenteredDesign #HealthInnovation #SystemsThinking","https://rn-portfolio-khaki.vercel.app/100-builds/072/b/","#HumanCenteredDesign #HealthInnovation #SystemsThinking","PLACE. CHANGE THE PATH. Connect providers, transport, supply, infrastructure, and administration. https://rn-portfolio-khaki.vercel.app/100-builds/072/b/","PLACE. CHANGE THE PATH. Connect providers, transport, supply, infrastructure, and administration.

Preserve local difference.

Build 072/100. Film + interactive at the link in bio.

#HumanCenteredDesign #HealthInnovation #SystemsThinking"
"10","093","Fictional Regulated-Workflow Rehearsal","Law, governance & evidence","Legal and policy leaders","A fictional regulated-workflow rehearsal. Attach invented rules and fixture evidence to modeled states.","Not compliance, legal, or regulatory proof.","A fictional regulated-workflow rehearsal. Attach invented rules and fixture evidence to modeled states.

Not compliance, legal, or regulatory proof.

Build 093 is one part of my 100 Builds experiment: research, strategy, design and implementation applied to questions too messy for a single discipline. Watch the 30-second cut, then explore the interactive version.

https://rn-portfolio-khaki.vercel.app/100-builds/093/b/

#LegalDesign #AIGovernance #Evidence","https://rn-portfolio-khaki.vercel.app/100-builds/093/b/","#LegalDesign #AIGovernance #Evidence","A fictional regulated-workflow rehearsal. Attach invented rules and fixture evidence to modeled states. https://rn-portfolio-khaki.vercel.app/100-builds/093/b/","A fictional regulated-workflow rehearsal. Attach invented rules and fixture evidence to modeled states.

Not compliance, legal, or regulatory proof.

Build 093/100. Film + interactive at the link in bio.

#LegalDesign #AIGovernance #Evidence"
"11","022","Human Impact Nodes","Law, governance & evidence","Legal and policy leaders","APPLICANT. WHO RECEIVES THE DECISION? Trace direct effects first.","An AI workflow ends; its consequences keep traveling.","APPLICANT. WHO RECEIVES THE DECISION? Trace direct effects first.

An AI workflow ends; its consequences keep traveling.

Build 022 is one part of my 100 Builds experiment: research, strategy, design and implementation applied to questions too messy for a single discipline. Watch the 30-second cut, then explore the interactive version.

https://rn-portfolio-khaki.vercel.app/100-builds/022/b/

#LegalDesign #AIGovernance #Evidence","https://rn-portfolio-khaki.vercel.app/100-builds/022/b/","#LegalDesign #AIGovernance #Evidence","APPLICANT. WHO RECEIVES THE DECISION? Trace direct effects first. https://rn-portfolio-khaki.vercel.app/100-builds/022/b/","APPLICANT. WHO RECEIVES THE DECISION? Trace direct effects first.

An AI workflow ends; its consequences keep traveling.

Build 022/100. Film + interactive at the link in bio.

#LegalDesign #AIGovernance #Evidence"
"12","035","An export button is not an exit","AI, systems & organizational design","Founders, operators and innovation teams","An export button is not an exit. Test whether exported data creates usable independence.","Portability means usable independence.","An export button is not an exit. Test whether exported data creates usable independence.

Portability means usable independence.

Build 035 is one part of my 100 Builds experiment: research, strategy, design and implementation applied to questions too messy for a single discipline. Watch the 30-second cut, then explore the interactive version.

https://rn-portfolio-khaki.vercel.app/100-builds/035/b/

#ResponsibleAI #SystemsDesign #InnovationStrategy","https://rn-portfolio-khaki.vercel.app/100-builds/035/b/","#ResponsibleAI #SystemsDesign #InnovationStrategy","An export button is not an exit. Test whether exported data creates usable independence. https://rn-portfolio-khaki.vercel.app/100-builds/035/b/","An export button is not an exit. Test whether exported data creates usable independence.

Portability means usable independence.

Build 035/100. Film + interactive at the link in bio.

#ResponsibleAI #SystemsDesign #InnovationStrategy"
"13","003","Unserved Decision Discovery","Law, governance & evidence","Legal and policy leaders","LOOK. NAME THE RECURRING CHOICE. Do not start with content categories.","More information does not fix a missing decision system.","LOOK. NAME THE RECURRING CHOICE. Do not start with content categories.

More information does not fix a missing decision system.

Build 003 is one part of my 100 Builds experiment: research, strategy, design and implementation applied to questions too messy for a single discipline. Watch the 30-second cut, then explore the interactive version.

https://rn-portfolio-khaki.vercel.app/100-builds/003/b/

#LegalDesign #AIGovernance #Evidence","https://rn-portfolio-khaki.vercel.app/100-builds/003/b/","#LegalDesign #AIGovernance #Evidence","LOOK. NAME THE RECURRING CHOICE. Do not start with content categories. https://rn-portfolio-khaki.vercel.app/100-builds/003/b/","LOOK. NAME THE RECURRING CHOICE. Do not start with content categories.

More information does not fix a missing decision system.

Build 003/100. Film + interactive at the link in bio.

#LegalDesign #AIGovernance #Evidence"
"14","004","Before the Automation","AI, systems & organizational design","Founders, operators and innovation teams","COLLECT. REGISTER THE SOURCE. Issuer, version, dates, exact locator.","Automate the method only after you can see the method.","COLLECT. REGISTER THE SOURCE. Issuer, version, dates, exact locator.

Automate the method only after you can see the method.

Build 004 is one part of my 100 Builds experiment: research, strategy, design and implementation applied to questions too messy for a single discipline. Watch the 30-second cut, then explore the interactive version.

https://rn-portfolio-khaki.vercel.app/100-builds/004/b/

#ResponsibleAI #SystemsDesign #InnovationStrategy","https://rn-portfolio-khaki.vercel.app/100-builds/004/b/","#ResponsibleAI #SystemsDesign #InnovationStrategy","COLLECT. REGISTER THE SOURCE. Issuer, version, dates, exact locator. https://rn-portfolio-khaki.vercel.app/100-builds/004/b/","COLLECT. REGISTER THE SOURCE. Issuer, version, dates, exact locator.

Automate the method only after you can see the method.

Build 004/100. Film + interactive at the link in bio.

#ResponsibleAI #SystemsDesign #InnovationStrategy"
"15","005","Service Path Split","Human systems & health","Health and human-centered teams","THREE FUTURES. SOFTWARE. HUMAN. GONE. Each step earns a disposition.","Map the work before you automate it.","THREE FUTURES. SOFTWARE. HUMAN. GONE. Each step earns a disposition.

Map the work before you automate it.

Build 005 is one part of my 100 Builds experiment: research, strategy, design and implementation applied to questions too messy for a single discipline. Watch the 30-second cut, then explore the interactive version.

https://rn-portfolio-khaki.vercel.app/100-builds/005/b/

#HumanCenteredDesign #HealthInnovation #SystemsThinking","https://rn-portfolio-khaki.vercel.app/100-builds/005/b/","#HumanCenteredDesign #HealthInnovation #SystemsThinking","THREE FUTURES. SOFTWARE. HUMAN. GONE. Each step earns a disposition. https://rn-portfolio-khaki.vercel.app/100-builds/005/b/","THREE FUTURES. SOFTWARE. HUMAN. GONE. Each step earns a disposition.

Map the work before you automate it.

Build 005/100. Film + interactive at the link in bio.

#HumanCenteredDesign #HealthInnovation #SystemsThinking"
"16","010","From Words to Structure","Place, public life & resilience","Public-interest and community leaders","ENTITIES. GIVE THINGS STABLE IDENTITIES. Place is not Project.","If the idea has no structure, it cannot be tested.","ENTITIES. GIVE THINGS STABLE IDENTITIES. Place is not Project.

If the idea has no structure, it cannot be tested.

Build 010 is one part of my 100 Builds experiment: research, strategy, design and implementation applied to questions too messy for a single discipline. Watch the 30-second cut, then explore the interactive version.

https://rn-portfolio-khaki.vercel.app/100-builds/010/b/

#PublicInterestDesign #Resilience #CivicInnovation","https://rn-portfolio-khaki.vercel.app/100-builds/010/b/","#PublicInterestDesign #Resilience #CivicInnovation","ENTITIES. GIVE THINGS STABLE IDENTITIES. Place is not Project. https://rn-portfolio-khaki.vercel.app/100-builds/010/b/","ENTITIES. GIVE THINGS STABLE IDENTITIES. Place is not Project.

If the idea has no structure, it cannot be tested.

Build 010/100. Film + interactive at the link in bio.

#PublicInterestDesign #Resilience #CivicInnovation"
"17","082","How Does This Audience Actually Think?","Culture, media & communication","Creators, brands and media teams","GRAPH. NEED. LANGUAGE. CONTEXT. Connect sources with caveats.","Understand the relationships.","GRAPH. NEED. LANGUAGE. CONTEXT. Connect sources with caveats.

Understand the relationships.

Build 082 is one part of my 100 Builds experiment: research, strategy, design and implementation applied to questions too messy for a single discipline. Watch the 30-second cut, then explore the interactive version.

https://rn-portfolio-khaki.vercel.app/100-builds/082/b/

#CreativeStrategy #MediaInnovation #AudienceDesign","https://rn-portfolio-khaki.vercel.app/100-builds/082/b/","#CreativeStrategy #MediaInnovation #AudienceDesign","GRAPH. NEED. LANGUAGE. CONTEXT. Connect sources with caveats. https://rn-portfolio-khaki.vercel.app/100-builds/082/b/","GRAPH. NEED. LANGUAGE. CONTEXT. Connect sources with caveats.

Understand the relationships.

Build 082/100. Film + interactive at the link in bio.

#CreativeStrategy #MediaInnovation #AudienceDesign"
"18","008","Data Is Not a Decision","Law, governance & evidence","Legal and policy leaders","START. NAME THE DECISION. Every metric must affect it.","Data becomes useful when someone can decide and act.","START. NAME THE DECISION. Every metric must affect it.

Data becomes useful when someone can decide and act.

Build 008 is one part of my 100 Builds experiment: research, strategy, design and implementation applied to questions too messy for a single discipline. Watch the 30-second cut, then explore the interactive version.

https://rn-portfolio-khaki.vercel.app/100-builds/008/b/

#LegalDesign #AIGovernance #Evidence","https://rn-portfolio-khaki.vercel.app/100-builds/008/b/","#LegalDesign #AIGovernance #Evidence","START. NAME THE DECISION. Every metric must affect it. https://rn-portfolio-khaki.vercel.app/100-builds/008/b/","START. NAME THE DECISION. Every metric must affect it.

Data becomes useful when someone can decide and act.

Build 008/100. Film + interactive at the link in bio.

#LegalDesign #AIGovernance #Evidence"
"19","006","Form Gate Field","AI, systems & organizational design","Founders, operators and innovation teams","FORMS. SOFTWARE. SERVICE. DATASET. COMPANY. SIMPLE. One idea has many futures.","Build the form the problem earns.","FORMS. SOFTWARE. SERVICE. DATASET. COMPANY. SIMPLE. One idea has many futures.

Build the form the problem earns.

Build 006 is one part of my 100 Builds experiment: research, strategy, design and implementation applied to questions too messy for a single discipline. Watch the 30-second cut, then explore the interactive version.

https://rn-portfolio-khaki.vercel.app/100-builds/006/b/

#ResponsibleAI #SystemsDesign #InnovationStrategy","https://rn-portfolio-khaki.vercel.app/100-builds/006/b/","#ResponsibleAI #SystemsDesign #InnovationStrategy","FORMS. SOFTWARE. SERVICE. DATASET. COMPANY. SIMPLE. One idea has many futures. https://rn-portfolio-khaki.vercel.app/100-builds/006/b/","FORMS. SOFTWARE. SERVICE. DATASET. COMPANY. SIMPLE. One idea has many futures.

Build the form the problem earns.

Build 006/100. Film + interactive at the link in bio.

#ResponsibleAI #SystemsDesign #InnovationStrategy"
"20","030","Interface Repair in Motion","Human systems & health","Health and human-centered teams","TASK. TEST THE WHOLE JOURNEY. Entry. Action. Feedback. Recovery. Completion.","Accessibility is whether people can complete the work.","TASK. TEST THE WHOLE JOURNEY. Entry. Action. Feedback. Recovery. Completion.

Accessibility is whether people can complete the work.

Build 030 is one part of my 100 Builds experiment: research, strategy, design and implementation applied to questions too messy for a single discipline. Watch the 30-second cut, then explore the interactive version.

https://rn-portfolio-khaki.vercel.app/100-builds/030/b/

#HumanCenteredDesign #HealthInnovation #SystemsThinking","https://rn-portfolio-khaki.vercel.app/100-builds/030/b/","#HumanCenteredDesign #HealthInnovation #SystemsThinking","TASK. TEST THE WHOLE JOURNEY. Entry. Action. Feedback. Recovery. Completion. https://rn-portfolio-khaki.vercel.app/100-builds/030/b/","TASK. TEST THE WHOLE JOURNEY. Entry. Action. Feedback. Recovery. Completion.

Accessibility is whether people can complete the work.

Build 030/100. Film + interactive at the link in bio.

#HumanCenteredDesign #HealthInnovation #SystemsThinking"
"21","046","Essential systems cross the shore","Place, public life & resilience","Public-interest and community leaders","Essential systems cross the shore. Trace island systems through local and external dependencies.","Resilience starts with dependencies.","Essential systems cross the shore. Trace island systems through local and external dependencies.

Resilience starts with dependencies.

Build 046 is one part of my 100 Builds experiment: research, strategy, design and implementation applied to questions too messy for a single discipline. Watch the 30-second cut, then explore the interactive version.

https://rn-portfolio-khaki.vercel.app/100-builds/046/b/

#PublicInterestDesign #Resilience #CivicInnovation","https://rn-portfolio-khaki.vercel.app/100-builds/046/b/","#PublicInterestDesign #Resilience #CivicInnovation","Essential systems cross the shore. Trace island systems through local and external dependencies. https://rn-portfolio-khaki.vercel.app/100-builds/046/b/","Essential systems cross the shore. Trace island systems through local and external dependencies.

Resilience starts with dependencies.

Build 046/100. Film + interactive at the link in bio.

#PublicInterestDesign #Resilience #CivicInnovation"
"22","009","Transfer Is a Place Question","Law, governance & evidence","Legal and policy leaders","DECISION. WHAT MUST THIS PLACE DECIDE? Keep the local gap visible.","Transferability is a place question.","DECISION. WHAT MUST THIS PLACE DECIDE? Keep the local gap visible.

Transferability is a place question.

Build 009 is one part of my 100 Builds experiment: research, strategy, design and implementation applied to questions too messy for a single discipline. Watch the 30-second cut, then explore the interactive version.

https://rn-portfolio-khaki.vercel.app/100-builds/009/b/

#LegalDesign #AIGovernance #Evidence","https://rn-portfolio-khaki.vercel.app/100-builds/009/b/","#LegalDesign #AIGovernance #Evidence","DECISION. WHAT MUST THIS PLACE DECIDE? Keep the local gap visible. https://rn-portfolio-khaki.vercel.app/100-builds/009/b/","DECISION. WHAT MUST THIS PLACE DECIDE? Keep the local gap visible.

Transferability is a place question.

Build 009/100. Film + interactive at the link in bio.

#LegalDesign #AIGovernance #Evidence"
"23","007","The Product That Learns","AI, systems & organizational design","Founders, operators and innovation teams","CAPTURE. USE. OUTCOME. CORRECTION. NEED. Hear distinct signals.","A product learns only when feedback can responsibly change it.","CAPTURE. USE. OUTCOME. CORRECTION. NEED. Hear distinct signals.

A product learns only when feedback can responsibly change it.

Build 007 is one part of my 100 Builds experiment: research, strategy, design and implementation applied to questions too messy for a single discipline. Watch the 30-second cut, then explore the interactive version.

https://rn-portfolio-khaki.vercel.app/100-builds/007/b/

#ResponsibleAI #SystemsDesign #InnovationStrategy","https://rn-portfolio-khaki.vercel.app/100-builds/007/b/","#ResponsibleAI #SystemsDesign #InnovationStrategy","CAPTURE. USE. OUTCOME. CORRECTION. NEED. Hear distinct signals. https://rn-portfolio-khaki.vercel.app/100-builds/007/b/","CAPTURE. USE. OUTCOME. CORRECTION. NEED. Hear distinct signals.

A product learns only when feedback can responsibly change it.

Build 007/100. Film + interactive at the link in bio.

#ResponsibleAI #SystemsDesign #InnovationStrategy"
"24","042","A prompt is not a job description","Human systems & health","Health and human-centered teams","A prompt is not a job description. Define purpose, authority, tools and human review.","Give the AI a bounded job.","A prompt is not a job description. Define purpose, authority, tools and human review.

Give the AI a bounded job.

Build 042 is one part of my 100 Builds experiment: research, strategy, design and implementation applied to questions too messy for a single discipline. Watch the 30-second cut, then explore the interactive version.

https://rn-portfolio-khaki.vercel.app/100-builds/042/b/

#HumanCenteredDesign #HealthInnovation #SystemsThinking","https://rn-portfolio-khaki.vercel.app/100-builds/042/b/","#HumanCenteredDesign #HealthInnovation #SystemsThinking","A prompt is not a job description. Define purpose, authority, tools and human review. https://rn-portfolio-khaki.vercel.app/100-builds/042/b/","A prompt is not a job description. Define purpose, authority, tools and human review.

Give the AI a bounded job.

Build 042/100. Film + interactive at the link in bio.

#HumanCenteredDesign #HealthInnovation #SystemsThinking"
"25","047","A good idea is not context-free","Place, public life & resilience","Public-interest and community leaders","A good idea is not context-free. Test whether an intervention fits a different place.","Adapt the model before importing it.","A good idea is not context-free. Test whether an intervention fits a different place.

Adapt the model before importing it.

Build 047 is one part of my 100 Builds experiment: research, strategy, design and implementation applied to questions too messy for a single discipline. Watch the 30-second cut, then explore the interactive version.

https://rn-portfolio-khaki.vercel.app/100-builds/047/b/

#PublicInterestDesign #Resilience #CivicInnovation","https://rn-portfolio-khaki.vercel.app/100-builds/047/b/","#PublicInterestDesign #Resilience #CivicInnovation","A good idea is not context-free. Test whether an intervention fits a different place. https://rn-portfolio-khaki.vercel.app/100-builds/047/b/","A good idea is not context-free. Test whether an intervention fits a different place.

Adapt the model before importing it.

Build 047/100. Film + interactive at the link in bio.

#PublicInterestDesign #Resilience #CivicInnovation"
"26","012","Controls Follow Consequence","Law, governance & evidence","Legal and policy leaders","BOUND. PURPOSE. PEOPLE. DECISION. Classify the real workflow.","Controls should follow consequence.","BOUND. PURPOSE. PEOPLE. DECISION. Classify the real workflow.

Controls should follow consequence.

Build 012 is one part of my 100 Builds experiment: research, strategy, design and implementation applied to questions too messy for a single discipline. Watch the 30-second cut, then explore the interactive version.

https://rn-portfolio-khaki.vercel.app/100-builds/012/b/

#LegalDesign #AIGovernance #Evidence","https://rn-portfolio-khaki.vercel.app/100-builds/012/b/","#LegalDesign #AIGovernance #Evidence","BOUND. PURPOSE. PEOPLE. DECISION. Classify the real workflow. https://rn-portfolio-khaki.vercel.app/100-builds/012/b/","BOUND. PURPOSE. PEOPLE. DECISION. Classify the real workflow.

Controls should follow consequence.

Build 012/100. Film + interactive at the link in bio.

#LegalDesign #AIGovernance #Evidence"
"27","011","Same Name Is Not Same Entity","AI, systems & organizational design","Founders, operators and innovation teams","STRUCTURE. WHAT KIND OF THING? Model entities before matching.","Same name is not the same entity.","STRUCTURE. WHAT KIND OF THING? Model entities before matching.

Same name is not the same entity.

Build 011 is one part of my 100 Builds experiment: research, strategy, design and implementation applied to questions too messy for a single discipline. Watch the 30-second cut, then explore the interactive version.

https://rn-portfolio-khaki.vercel.app/100-builds/011/b/

#ResponsibleAI #SystemsDesign #InnovationStrategy","https://rn-portfolio-khaki.vercel.app/100-builds/011/b/","#ResponsibleAI #SystemsDesign #InnovationStrategy","STRUCTURE. WHAT KIND OF THING? Model entities before matching. https://rn-portfolio-khaki.vercel.app/100-builds/011/b/","STRUCTURE. WHAT KIND OF THING? Model entities before matching.

Same name is not the same entity.

Build 011/100. Film + interactive at the link in bio.

#ResponsibleAI #SystemsDesign #InnovationStrategy"
"28","045","Availability is not access","Human systems & health","Health and human-centered teams","Availability is not access. Reveal barriers across the full cannabis care journey.","Design cannabis care around the journey.","Availability is not access. Reveal barriers across the full cannabis care journey.

Design cannabis care around the journey.

Build 045 is one part of my 100 Builds experiment: research, strategy, design and implementation applied to questions too messy for a single discipline. Watch the 30-second cut, then explore the interactive version.

https://rn-portfolio-khaki.vercel.app/100-builds/045/b/

#HumanCenteredDesign #HealthInnovation #SystemsThinking","https://rn-portfolio-khaki.vercel.app/100-builds/045/b/","#HumanCenteredDesign #HealthInnovation #SystemsThinking","Availability is not access. Reveal barriers across the full cannabis care journey. https://rn-portfolio-khaki.vercel.app/100-builds/045/b/","Availability is not access. Reveal barriers across the full cannabis care journey.

Design cannabis care around the journey.

Build 045/100. Film + interactive at the link in bio.

#HumanCenteredDesign #HealthInnovation #SystemsThinking"
"29","013","Follow the Consequence","Law, governance & evidence","Legal and policy leaders","HANDOFFS. INTAKE → DATA → MODEL → ACTION. Add decisions and monitoring.","Follow the consequence through the work.","HANDOFFS. INTAKE → DATA → MODEL → ACTION. Add decisions and monitoring.

Follow the consequence through the work.

Build 013 is one part of my 100 Builds experiment: research, strategy, design and implementation applied to questions too messy for a single discipline. Watch the 30-second cut, then explore the interactive version.

https://rn-portfolio-khaki.vercel.app/100-builds/013/b/

#LegalDesign #AIGovernance #Evidence","https://rn-portfolio-khaki.vercel.app/100-builds/013/b/","#LegalDesign #AIGovernance #Evidence","HANDOFFS. INTAKE → DATA → MODEL → ACTION. Add decisions and monitoring. https://rn-portfolio-khaki.vercel.app/100-builds/013/b/","HANDOFFS. INTAKE → DATA → MODEL → ACTION. Add decisions and monitoring.

Follow the consequence through the work.

Build 013/100. Film + interactive at the link in bio.

#LegalDesign #AIGovernance #Evidence"
"30","017","The Risk Lives Between the Boxes","AI, systems & organizational design","Founders, operators and innovation teams","WORK. WHO OWNS THE TRANSFER? Name responsibility before movement.","Control the handoff, not just each organization.","WORK. WHO OWNS THE TRANSFER? Name responsibility before movement.

Control the handoff, not just each organization.

Build 017 is one part of my 100 Builds experiment: research, strategy, design and implementation applied to questions too messy for a single discipline. Watch the 30-second cut, then explore the interactive version.

https://rn-portfolio-khaki.vercel.app/100-builds/017/b/

#ResponsibleAI #SystemsDesign #InnovationStrategy","https://rn-portfolio-khaki.vercel.app/100-builds/017/b/","#ResponsibleAI #SystemsDesign #InnovationStrategy","WORK. WHO OWNS THE TRANSFER? Name responsibility before movement. https://rn-portfolio-khaki.vercel.app/100-builds/017/b/","WORK. WHO OWNS THE TRANSFER? Name responsibility before movement.

Control the handoff, not just each organization.

Build 017/100. Film + interactive at the link in bio.

#ResponsibleAI #SystemsDesign #InnovationStrategy"
"31","054","Make the Space Adapt to the Person","Human systems & health","Health and human-centered teams","Silent-first LinkedIn cut transcript","KEEP THE PERSON IN CONTROL: CONSENT, OVERRIDE, FALLBACK, AND HUMAN REVIEW.","Silent-first LinkedIn cut transcript

KEEP THE PERSON IN CONTROL: CONSENT, OVERRIDE, FALLBACK, AND HUMAN REVIEW.

Build 054 is one part of my 100 Builds experiment: research, strategy, design and implementation applied to questions too messy for a single discipline. Watch the 30-second cut, then explore the interactive version.

https://rn-portfolio-khaki.vercel.app/100-builds/054/b/

#HumanCenteredDesign #HealthInnovation #SystemsThinking","https://rn-portfolio-khaki.vercel.app/100-builds/054/b/","#HumanCenteredDesign #HealthInnovation #SystemsThinking","Silent-first LinkedIn cut transcript https://rn-portfolio-khaki.vercel.app/100-builds/054/b/","Silent-first LinkedIn cut transcript

KEEP THE PERSON IN CONTROL: CONSENT, OVERRIDE, FALLBACK, AND HUMAN REVIEW.

Build 054/100. Film + interactive at the link in bio.

#HumanCenteredDesign #HealthInnovation #SystemsThinking"
"32","015","From Matter Work to Reusable System","Law, governance & evidence","Legal and policy leaders","OBSERVE. FIND THE PATTERN. Compare supervised matters.","Productize the reusable structure—not the legal judgment.","OBSERVE. FIND THE PATTERN. Compare supervised matters.

Productize the reusable structure—not the legal judgment.

Build 015 is one part of my 100 Builds experiment: research, strategy, design and implementation applied to questions too messy for a single discipline. Watch the 30-second cut, then explore the interactive version.

https://rn-portfolio-khaki.vercel.app/100-builds/015/b/

#LegalDesign #AIGovernance #Evidence","https://rn-portfolio-khaki.vercel.app/100-builds/015/b/","#LegalDesign #AIGovernance #Evidence","OBSERVE. FIND THE PATTERN. Compare supervised matters. https://rn-portfolio-khaki.vercel.app/100-builds/015/b/","OBSERVE. FIND THE PATTERN. Compare supervised matters.

Productize the reusable structure—not the legal judgment.

Build 015/100. Film + interactive at the link in bio.

#LegalDesign #AIGovernance #Evidence"
"33","018","The Process Is Part of the Outcome","AI, systems & organizational design","Founders, operators and innovation teams","SUBMIT. WHERE DOES IT GO? A process needs a visible owner.","Institutional burden is a design variable, not background noise.","SUBMIT. WHERE DOES IT GO? A process needs a visible owner.

Institutional burden is a design variable, not background noise.

Build 018 is one part of my 100 Builds experiment: research, strategy, design and implementation applied to questions too messy for a single discipline. Watch the 30-second cut, then explore the interactive version.

https://rn-portfolio-khaki.vercel.app/100-builds/018/b/

#ResponsibleAI #SystemsDesign #InnovationStrategy","https://rn-portfolio-khaki.vercel.app/100-builds/018/b/","#ResponsibleAI #SystemsDesign #InnovationStrategy","SUBMIT. WHERE DOES IT GO? A process needs a visible owner. https://rn-portfolio-khaki.vercel.app/100-builds/018/b/","SUBMIT. WHERE DOES IT GO? A process needs a visible owner.

Institutional burden is a design variable, not background noise.

Build 018/100. Film + interactive at the link in bio.

#ResponsibleAI #SystemsDesign #InnovationStrategy"
"34","060","Catch the IP Before It Disappears","Human systems & health","Health and human-centered teams","Silent-first LinkedIn cut transcript","CAPTURE BEFORE YOU CONCLUDE. SEND UNCERTAINTY TO THE RIGHT HUMAN PATH.","Silent-first LinkedIn cut transcript

CAPTURE BEFORE YOU CONCLUDE. SEND UNCERTAINTY TO THE RIGHT HUMAN PATH.

Build 060 is one part of my 100 Builds experiment: research, strategy, design and implementation applied to questions too messy for a single discipline. Watch the 30-second cut, then explore the interactive version.

https://rn-portfolio-khaki.vercel.app/100-builds/060/b/

#HumanCenteredDesign #HealthInnovation #SystemsThinking","https://rn-portfolio-khaki.vercel.app/100-builds/060/b/","#HumanCenteredDesign #HealthInnovation #SystemsThinking","Silent-first LinkedIn cut transcript https://rn-portfolio-khaki.vercel.app/100-builds/060/b/","Silent-first LinkedIn cut transcript

CAPTURE BEFORE YOU CONCLUDE. SEND UNCERTAINTY TO THE RIGHT HUMAN PATH.

Build 060/100. Film + interactive at the link in bio.

#HumanCenteredDesign #HealthInnovation #SystemsThinking"
"35","016","The Matter Beneath the Matter","Law, governance & evidence","Legal and policy leaders","ACTORS. WHO CAN ACT? Name owners, reviewers, and authority.","A legal task becomes manageable only when its hidden workflow is visible.","ACTORS. WHO CAN ACT? Name owners, reviewers, and authority.

A legal task becomes manageable only when its hidden workflow is visible.

Build 016 is one part of my 100 Builds experiment: research, strategy, design and implementation applied to questions too messy for a single discipline. Watch the 30-second cut, then explore the interactive version.

https://rn-portfolio-khaki.vercel.app/100-builds/016/b/

#LegalDesign #AIGovernance #Evidence","https://rn-portfolio-khaki.vercel.app/100-builds/016/b/","#LegalDesign #AIGovernance #Evidence","ACTORS. WHO CAN ACT? Name owners, reviewers, and authority. https://rn-portfolio-khaki.vercel.app/100-builds/016/b/","ACTORS. WHO CAN ACT? Name owners, reviewers, and authority.

A legal task becomes manageable only when its hidden workflow is visible.

Build 016/100. Film + interactive at the link in bio.

#LegalDesign #AIGovernance #Evidence"
"36","025","Readiness Has Layers","AI, systems & organizational design","Founders, operators and innovation teams","PEOPLE. WHO CAN RUN THE CONTROL? Name owners, authority, skill, and time.","Readiness is the ability to operate controls—not the desire to deploy.","PEOPLE. WHO CAN RUN THE CONTROL? Name owners, authority, skill, and time.

Readiness is the ability to operate controls—not the desire to deploy.

Build 025 is one part of my 100 Builds experiment: research, strategy, design and implementation applied to questions too messy for a single discipline. Watch the 30-second cut, then explore the interactive version.

https://rn-portfolio-khaki.vercel.app/100-builds/025/b/

#ResponsibleAI #SystemsDesign #InnovationStrategy","https://rn-portfolio-khaki.vercel.app/100-builds/025/b/","#ResponsibleAI #SystemsDesign #InnovationStrategy","PEOPLE. WHO CAN RUN THE CONTROL? Name owners, authority, skill, and time. https://rn-portfolio-khaki.vercel.app/100-builds/025/b/","PEOPLE. WHO CAN RUN THE CONTROL? Name owners, authority, skill, and time.

Readiness is the ability to operate controls—not the desire to deploy.

Build 025/100. Film + interactive at the link in bio.

#ResponsibleAI #SystemsDesign #InnovationStrategy"
"37","073","Access for Whom?","Human systems & health","Health and human-centered teams","CONSTRAINTS. COST. PLACE. ELIGIBILITY. RISK. Keep every practical barrier visible.","Ask who can actually use the service.","CONSTRAINTS. COST. PLACE. ELIGIBILITY. RISK. Keep every practical barrier visible.

Ask who can actually use the service.

Build 073 is one part of my 100 Builds experiment: research, strategy, design and implementation applied to questions too messy for a single discipline. Watch the 30-second cut, then explore the interactive version.

https://rn-portfolio-khaki.vercel.app/100-builds/073/b/

#HumanCenteredDesign #HealthInnovation #SystemsThinking","https://rn-portfolio-khaki.vercel.app/100-builds/073/b/","#HumanCenteredDesign #HealthInnovation #SystemsThinking","CONSTRAINTS. COST. PLACE. ELIGIBILITY. RISK. Keep every practical barrier visible. https://rn-portfolio-khaki.vercel.app/100-builds/073/b/","CONSTRAINTS. COST. PLACE. ELIGIBILITY. RISK. Keep every practical barrier visible.

Ask who can actually use the service.

Build 073/100. Film + interactive at the link in bio.

#HumanCenteredDesign #HealthInnovation #SystemsThinking"
"38","019","The Alert That Knows Who Cares","Law, governance & evidence","Legal and policy leaders","CORRELATE. GROUP EVIDENCE FIRST. Preserve each source and state.","Escalation is a chain of authority, evidence, time, and recourse.","CORRELATE. GROUP EVIDENCE FIRST. Preserve each source and state.

Escalation is a chain of authority, evidence, time, and recourse.

Build 019 is one part of my 100 Builds experiment: research, strategy, design and implementation applied to questions too messy for a single discipline. Watch the 30-second cut, then explore the interactive version.

https://rn-portfolio-khaki.vercel.app/100-builds/019/b/

#LegalDesign #AIGovernance #Evidence","https://rn-portfolio-khaki.vercel.app/100-builds/019/b/","#LegalDesign #AIGovernance #Evidence","CORRELATE. GROUP EVIDENCE FIRST. Preserve each source and state. https://rn-portfolio-khaki.vercel.app/100-builds/019/b/","CORRELATE. GROUP EVIDENCE FIRST. Preserve each source and state.

Escalation is a chain of authority, evidence, time, and recourse.

Build 019/100. Film + interactive at the link in bio.

#LegalDesign #AIGovernance #Evidence"
"39","027","Ownership Exposure Board","AI, systems & organizational design","Founders, operators and innovation teams","OWN. KEEP THE SOURCE FILES. Track authorship, licenses, and permissions.","Platform reach is rented; your ownership stack must survive the platform.","OWN. KEEP THE SOURCE FILES. Track authorship, licenses, and permissions.

Platform reach is rented; your ownership stack must survive the platform.

Build 027 is one part of my 100 Builds experiment: research, strategy, design and implementation applied to questions too messy for a single discipline. Watch the 30-second cut, then explore the interactive version.

https://rn-portfolio-khaki.vercel.app/100-builds/027/b/

#ResponsibleAI #SystemsDesign #InnovationStrategy","https://rn-portfolio-khaki.vercel.app/100-builds/027/b/","#ResponsibleAI #SystemsDesign #InnovationStrategy","OWN. KEEP THE SOURCE FILES. Track authorship, licenses, and permissions. https://rn-portfolio-khaki.vercel.app/100-builds/027/b/","OWN. KEEP THE SOURCE FILES. Track authorship, licenses, and permissions.

Platform reach is rented; your ownership stack must survive the platform.

Build 027/100. Film + interactive at the link in bio.

#ResponsibleAI #SystemsDesign #InnovationStrategy"
"40","088","Your Network Is Not a Contact List","Human systems & health","Health and human-centered teams","Your network is not a contact list. Track context, reciprocity, permission and open loops.","Move relationships with care.","Your network is not a contact list. Track context, reciprocity, permission and open loops.

Move relationships with care.

Build 088 is one part of my 100 Builds experiment: research, strategy, design and implementation applied to questions too messy for a single discipline. Watch the 30-second cut, then explore the interactive version.

https://rn-portfolio-khaki.vercel.app/100-builds/088/b/

#HumanCenteredDesign #HealthInnovation #SystemsThinking","https://rn-portfolio-khaki.vercel.app/100-builds/088/b/","#HumanCenteredDesign #HealthInnovation #SystemsThinking","Your network is not a contact list. Track context, reciprocity, permission and open loops. https://rn-portfolio-khaki.vercel.app/100-builds/088/b/","Your network is not a contact list. Track context, reciprocity, permission and open loops.

Move relationships with care.

Build 088/100. Film + interactive at the link in bio.

#HumanCenteredDesign #HealthInnovation #SystemsThinking"
"41","020","Open the Decision","Law, governance & evidence","Legal and policy leaders","RECONSTRUCT. LINK THE COMPLETE RECORD. Actor, authority, time, evidence, alternatives, result.","An accountable decision remains reconstructable after the moment passes.","RECONSTRUCT. LINK THE COMPLETE RECORD. Actor, authority, time, evidence, alternatives, result.

An accountable decision remains reconstructable after the moment passes.

Build 020 is one part of my 100 Builds experiment: research, strategy, design and implementation applied to questions too messy for a single discipline. Watch the 30-second cut, then explore the interactive version.

https://rn-portfolio-khaki.vercel.app/100-builds/020/b/

#LegalDesign #AIGovernance #Evidence","https://rn-portfolio-khaki.vercel.app/100-builds/020/b/","#LegalDesign #AIGovernance #Evidence","RECONSTRUCT. LINK THE COMPLETE RECORD. Actor, authority, time, evidence, alternatives, result. https://rn-portfolio-khaki.vercel.app/100-builds/020/b/","RECONSTRUCT. LINK THE COMPLETE RECORD. Actor, authority, time, evidence, alternatives, result.

An accountable decision remains reconstructable after the moment passes.

Build 020/100. Film + interactive at the link in bio.

#LegalDesign #AIGovernance #Evidence"
"42","028","Ranking Rationale","AI, systems & organizational design","Founders, operators and innovation teams","INTENT. START WITH THE QUESTION. Rank for the real task.","Knowledge you cannot reliably find is knowledge you cannot reliably use.","INTENT. START WITH THE QUESTION. Rank for the real task.

Knowledge you cannot reliably find is knowledge you cannot reliably use.

Build 028 is one part of my 100 Builds experiment: research, strategy, design and implementation applied to questions too messy for a single discipline. Watch the 30-second cut, then explore the interactive version.

https://rn-portfolio-khaki.vercel.app/100-builds/028/b/

#ResponsibleAI #SystemsDesign #InnovationStrategy","https://rn-portfolio-khaki.vercel.app/100-builds/028/b/","#ResponsibleAI #SystemsDesign #InnovationStrategy","INTENT. START WITH THE QUESTION. Rank for the real task. https://rn-portfolio-khaki.vercel.app/100-builds/028/b/","INTENT. START WITH THE QUESTION. Rank for the real task.

Knowledge you cannot reliably find is knowledge you cannot reliably use.

Build 028/100. Film + interactive at the link in bio.

#ResponsibleAI #SystemsDesign #InnovationStrategy"
"43","098","Psychedelic Administrative Handoff Rehearsal","Human systems & health","Health and human-centered teams","Rehearse fictional administrative handoffs. Records only—no care, safety, or continuity outcome.","No clinical care is delivered.","Rehearse fictional administrative handoffs. Records only—no care, safety, or continuity outcome.

No clinical care is delivered.

Build 098 is one part of my 100 Builds experiment: research, strategy, design and implementation applied to questions too messy for a single discipline. Watch the 30-second cut, then explore the interactive version.

https://rn-portfolio-khaki.vercel.app/100-builds/098/b/

#HumanCenteredDesign #HealthInnovation #SystemsThinking","https://rn-portfolio-khaki.vercel.app/100-builds/098/b/","#HumanCenteredDesign #HealthInnovation #SystemsThinking","Rehearse fictional administrative handoffs. Records only—no care, safety, or continuity outcome. https://rn-portfolio-khaki.vercel.app/100-builds/098/b/","Rehearse fictional administrative handoffs. Records only—no care, safety, or continuity outcome.

No clinical care is delivered.

Build 098/100. Film + interactive at the link in bio.

#HumanCenteredDesign #HealthInnovation #SystemsThinking"
"44","021","Break the Promise Open","Law, governance & evidence","Legal and policy leaders","SEPARATE. PROMISE ≠ EVIDENCE. Store claim and proof separately.","Buy the evidence—not the adjective.","SEPARATE. PROMISE ≠ EVIDENCE. Store claim and proof separately.

Buy the evidence—not the adjective.

Build 021 is one part of my 100 Builds experiment: research, strategy, design and implementation applied to questions too messy for a single discipline. Watch the 30-second cut, then explore the interactive version.

https://rn-portfolio-khaki.vercel.app/100-builds/021/b/

#LegalDesign #AIGovernance #Evidence","https://rn-portfolio-khaki.vercel.app/100-builds/021/b/","#LegalDesign #AIGovernance #Evidence","SEPARATE. PROMISE ≠ EVIDENCE. Store claim and proof separately. https://rn-portfolio-khaki.vercel.app/100-builds/021/b/","SEPARATE. PROMISE ≠ EVIDENCE. Store claim and proof separately.

Buy the evidence—not the adjective.

Build 021/100. Film + interactive at the link in bio.

#LegalDesign #AIGovernance #Evidence"
"45","029","Consequence Propagation","AI, systems & organizational design","Founders, operators and innovation teams","BOUND. NAME WHAT CHANGED. Record actor, object, purpose, and prior state.","A change is not small when its consequences travel beyond its author.","BOUND. NAME WHAT CHANGED. Record actor, object, purpose, and prior state.

A change is not small when its consequences travel beyond its author.

Build 029 is one part of my 100 Builds experiment: research, strategy, design and implementation applied to questions too messy for a single discipline. Watch the 30-second cut, then explore the interactive version.

https://rn-portfolio-khaki.vercel.app/100-builds/029/b/

#ResponsibleAI #SystemsDesign #InnovationStrategy","https://rn-portfolio-khaki.vercel.app/100-builds/029/b/","#ResponsibleAI #SystemsDesign #InnovationStrategy","BOUND. NAME WHAT CHANGED. Record actor, object, purpose, and prior state. https://rn-portfolio-khaki.vercel.app/100-builds/029/b/","BOUND. NAME WHAT CHANGED. Record actor, object, purpose, and prior state.

A change is not small when its consequences travel beyond its author.

Build 029/100. Film + interactive at the link in bio.

#ResponsibleAI #SystemsDesign #InnovationStrategy"
"46","023","Consent That Can Change Its Mind","Law, governance & evidence","Legal and policy leaders","SPECIFICITY. SEPARATE EVERY PURPOSE. Each scope needs permission and history.","Consent is specific, changeable, evidenced, and never the only possible legal basis.","SPECIFICITY. SEPARATE EVERY PURPOSE. Each scope needs permission and history.

Consent is specific, changeable, evidenced, and never the only possible legal basis.

Build 023 is one part of my 100 Builds experiment: research, strategy, design and implementation applied to questions too messy for a single discipline. Watch the 30-second cut, then explore the interactive version.

https://rn-portfolio-khaki.vercel.app/100-builds/023/b/

#LegalDesign #AIGovernance #Evidence","https://rn-portfolio-khaki.vercel.app/100-builds/023/b/","#LegalDesign #AIGovernance #Evidence","SPECIFICITY. SEPARATE EVERY PURPOSE. Each scope needs permission and history. https://rn-portfolio-khaki.vercel.app/100-builds/023/b/","SPECIFICITY. SEPARATE EVERY PURPOSE. Each scope needs permission and history.

Consent is specific, changeable, evidenced, and never the only possible legal basis.

Build 023/100. Film + interactive at the link in bio.

#LegalDesign #AIGovernance #Evidence"
"47","033","Attack Graph","AI, systems & organizational design","Founders, operators and innovation teams","BOUND. ASSET. THREAT. SCOPE. AUTHORITY. Name owners, limits, and stop conditions.","Adversarial testing must make systems safer without making harm easier.","BOUND. ASSET. THREAT. SCOPE. AUTHORITY. Name owners, limits, and stop conditions.

Adversarial testing must make systems safer without making harm easier.

Build 033 is one part of my 100 Builds experiment: research, strategy, design and implementation applied to questions too messy for a single discipline. Watch the 30-second cut, then explore the interactive version.

https://rn-portfolio-khaki.vercel.app/100-builds/033/b/

#ResponsibleAI #SystemsDesign #InnovationStrategy","https://rn-portfolio-khaki.vercel.app/100-builds/033/b/","#ResponsibleAI #SystemsDesign #InnovationStrategy","BOUND. ASSET. THREAT. SCOPE. AUTHORITY. Name owners, limits, and stop conditions. https://rn-portfolio-khaki.vercel.app/100-builds/033/b/","BOUND. ASSET. THREAT. SCOPE. AUTHORITY. Name owners, limits, and stop conditions.

Adversarial testing must make systems safer without making harm easier.

Build 033/100. Film + interactive at the link in bio.

#ResponsibleAI #SystemsDesign #InnovationStrategy"
"48","024","The Best Data Risk Is Data Never Collected","Law, governance & evidence","Legal and policy leaders","PURPOSE. NAME THE DECISION. Permission cannot justify unnecessary collection.","The best data risk is data never collected.","PURPOSE. NAME THE DECISION. Permission cannot justify unnecessary collection.

The best data risk is data never collected.

Build 024 is one part of my 100 Builds experiment: research, strategy, design and implementation applied to questions too messy for a single discipline. Watch the 30-second cut, then explore the interactive version.

https://rn-portfolio-khaki.vercel.app/100-builds/024/b/

#LegalDesign #AIGovernance #Evidence","https://rn-portfolio-khaki.vercel.app/100-builds/024/b/","#LegalDesign #AIGovernance #Evidence","PURPOSE. NAME THE DECISION. Permission cannot justify unnecessary collection. https://rn-portfolio-khaki.vercel.app/100-builds/024/b/","PURPOSE. NAME THE DECISION. Permission cannot justify unnecessary collection.

The best data risk is data never collected.

Build 024/100. Film + interactive at the link in bio.

#LegalDesign #AIGovernance #Evidence"
"49","036","Offline is a product state","AI, systems & organizational design","Founders, operators and innovation teams","Offline is a product state. Keep essential work safe through disconnection and recovery.","Design disconnection before it happens.","Offline is a product state. Keep essential work safe through disconnection and recovery.

Design disconnection before it happens.

Build 036 is one part of my 100 Builds experiment: research, strategy, design and implementation applied to questions too messy for a single discipline. Watch the 30-second cut, then explore the interactive version.

https://rn-portfolio-khaki.vercel.app/100-builds/036/b/

#ResponsibleAI #SystemsDesign #InnovationStrategy","https://rn-portfolio-khaki.vercel.app/100-builds/036/b/","#ResponsibleAI #SystemsDesign #InnovationStrategy","Offline is a product state. Keep essential work safe through disconnection and recovery. https://rn-portfolio-khaki.vercel.app/100-builds/036/b/","Offline is a product state. Keep essential work safe through disconnection and recovery.

Design disconnection before it happens.

Build 036/100. Film + interactive at the link in bio.

#ResponsibleAI #SystemsDesign #InnovationStrategy"
"50","026","Records Normalize Without Losing Their Past","Law, governance & evidence","Legal and policy leaders","RAW. PRESERVE THE SOURCE. Keep collection, time, owner, and permitted use.","Messy data can support decisions only when its limits remain visible.","RAW. PRESERVE THE SOURCE. Keep collection, time, owner, and permitted use.

Messy data can support decisions only when its limits remain visible.

Build 026 is one part of my 100 Builds experiment: research, strategy, design and implementation applied to questions too messy for a single discipline. Watch the 30-second cut, then explore the interactive version.

https://rn-portfolio-khaki.vercel.app/100-builds/026/b/

#LegalDesign #AIGovernance #Evidence","https://rn-portfolio-khaki.vercel.app/100-builds/026/b/","#LegalDesign #AIGovernance #Evidence","RAW. PRESERVE THE SOURCE. Keep collection, time, owner, and permitted use. https://rn-portfolio-khaki.vercel.app/100-builds/026/b/","RAW. PRESERVE THE SOURCE. Keep collection, time, owner, and permitted use.

Messy data can support decisions only when its limits remain visible.

Build 026/100. Film + interactive at the link in bio.

#LegalDesign #AIGovernance #Evidence"
"51","043","More agents create more handoffs","AI, systems & organizational design","Founders, operators and innovation teams","More agents create more handoffs. Coordinate specialized agents without losing context or ownership.","Design the team, not just agents.","More agents create more handoffs. Coordinate specialized agents without losing context or ownership.

Design the team, not just agents.

Build 043 is one part of my 100 Builds experiment: research, strategy, design and implementation applied to questions too messy for a single discipline. Watch the 30-second cut, then explore the interactive version.

https://rn-portfolio-khaki.vercel.app/100-builds/043/b/

#ResponsibleAI #SystemsDesign #InnovationStrategy","https://rn-portfolio-khaki.vercel.app/100-builds/043/b/","#ResponsibleAI #SystemsDesign #InnovationStrategy","More agents create more handoffs. Coordinate specialized agents without losing context or ownership. https://rn-portfolio-khaki.vercel.app/100-builds/043/b/","More agents create more handoffs. Coordinate specialized agents without losing context or ownership.

Design the team, not just agents.

Build 043/100. Film + interactive at the link in bio.

#ResponsibleAI #SystemsDesign #InnovationStrategy"
"52","031","Telemetry Privacy Field","Law, governance & evidence","Legal and policy leaders","TRACE. FOLLOW DATA END TO END. Collection. Purpose. Storage. Sharing. Deletion.","Privacy is what the product does when nobody reads the policy.","TRACE. FOLLOW DATA END TO END. Collection. Purpose. Storage. Sharing. Deletion.

Privacy is what the product does when nobody reads the policy.

Build 031 is one part of my 100 Builds experiment: research, strategy, design and implementation applied to questions too messy for a single discipline. Watch the 30-second cut, then explore the interactive version.

https://rn-portfolio-khaki.vercel.app/100-builds/031/b/

#LegalDesign #AIGovernance #Evidence","https://rn-portfolio-khaki.vercel.app/100-builds/031/b/","#LegalDesign #AIGovernance #Evidence","TRACE. FOLLOW DATA END TO END. Collection. Purpose. Storage. Sharing. Deletion. https://rn-portfolio-khaki.vercel.app/100-builds/031/b/","TRACE. FOLLOW DATA END TO END. Collection. Purpose. Storage. Sharing. Deletion.

Privacy is what the product does when nobody reads the policy.

Build 031/100. Film + interactive at the link in bio.

#LegalDesign #AIGovernance #Evidence"
"53","049","A preference is not permanent","AI, systems & organizational design","Founders, operators and innovation teams","A preference is not permanent. Build private personalization that can change with context.","Personalization should remain revisable.","A preference is not permanent. Build private personalization that can change with context.

Personalization should remain revisable.

Build 049 is one part of my 100 Builds experiment: research, strategy, design and implementation applied to questions too messy for a single discipline. Watch the 30-second cut, then explore the interactive version.

https://rn-portfolio-khaki.vercel.app/100-builds/049/b/

#ResponsibleAI #SystemsDesign #InnovationStrategy","https://rn-portfolio-khaki.vercel.app/100-builds/049/b/","#ResponsibleAI #SystemsDesign #InnovationStrategy","A preference is not permanent. Build private personalization that can change with context. https://rn-portfolio-khaki.vercel.app/100-builds/049/b/","A preference is not permanent. Build private personalization that can change with context.

Personalization should remain revisable.

Build 049/100. Film + interactive at the link in bio.

#ResponsibleAI #SystemsDesign #InnovationStrategy"
"54","032","Release Blocker Door","Law, governance & evidence","Legal and policy leaders","BOUND. LOCK VERSION + CONSEQUENCE. Name purpose, people, environment, and unacceptable outcomes.","A release is ready only when controls are operable, evidenced, and owned.","BOUND. LOCK VERSION + CONSEQUENCE. Name purpose, people, environment, and unacceptable outcomes.

A release is ready only when controls are operable, evidenced, and owned.

Build 032 is one part of my 100 Builds experiment: research, strategy, design and implementation applied to questions too messy for a single discipline. Watch the 30-second cut, then explore the interactive version.

https://rn-portfolio-khaki.vercel.app/100-builds/032/b/

#LegalDesign #AIGovernance #Evidence","https://rn-portfolio-khaki.vercel.app/100-builds/032/b/","#LegalDesign #AIGovernance #Evidence","BOUND. LOCK VERSION + CONSEQUENCE. Name purpose, people, environment, and unacceptable outcomes. https://rn-portfolio-khaki.vercel.app/100-builds/032/b/","BOUND. LOCK VERSION + CONSEQUENCE. Name purpose, people, environment, and unacceptable outcomes.

A release is ready only when controls are operable, evidenced, and owned.

Build 032/100. Film + interactive at the link in bio.

#LegalDesign #AIGovernance #Evidence"
"55","051","Teach the Cannabis Part I Actually Need","AI, systems & organizational design","Founders, operators and innovation teams","Silent-first LinkedIn cut transcript","TEACH THE PART THAT FITS, THEN STOP WHERE PERSONAL ADVICE BEGINS.","Silent-first LinkedIn cut transcript

TEACH THE PART THAT FITS, THEN STOP WHERE PERSONAL ADVICE BEGINS.

Build 051 is one part of my 100 Builds experiment: research, strategy, design and implementation applied to questions too messy for a single discipline. Watch the 30-second cut, then explore the interactive version.

https://rn-portfolio-khaki.vercel.app/100-builds/051/b/

#ResponsibleAI #SystemsDesign #InnovationStrategy","https://rn-portfolio-khaki.vercel.app/100-builds/051/b/","#ResponsibleAI #SystemsDesign #InnovationStrategy","Silent-first LinkedIn cut transcript https://rn-portfolio-khaki.vercel.app/100-builds/051/b/","Silent-first LinkedIn cut transcript

TEACH THE PART THAT FITS, THEN STOP WHERE PERSONAL ADVICE BEGINS.

Build 051/100. Film + interactive at the link in bio.

#ResponsibleAI #SystemsDesign #InnovationStrategy"
"56","034","Incident Replay Graph","Law, governance & evidence","Legal and policy leaders","PRESERVE. FREEZE EVIDENCE FIRST. Keep time, version, actions, owners, and provenance.","An incident closes only when evidence, correction, and prevention are reconstructable.","PRESERVE. FREEZE EVIDENCE FIRST. Keep time, version, actions, owners, and provenance.

An incident closes only when evidence, correction, and prevention are reconstructable.

Build 034 is one part of my 100 Builds experiment: research, strategy, design and implementation applied to questions too messy for a single discipline. Watch the 30-second cut, then explore the interactive version.

https://rn-portfolio-khaki.vercel.app/100-builds/034/b/

#LegalDesign #AIGovernance #Evidence","https://rn-portfolio-khaki.vercel.app/100-builds/034/b/","#LegalDesign #AIGovernance #Evidence","PRESERVE. FREEZE EVIDENCE FIRST. Keep time, version, actions, owners, and provenance. https://rn-portfolio-khaki.vercel.app/100-builds/034/b/","PRESERVE. FREEZE EVIDENCE FIRST. Keep time, version, actions, owners, and provenance.

An incident closes only when evidence, correction, and prevention are reconstructable.

Build 034/100. Film + interactive at the link in bio.

#LegalDesign #AIGovernance #Evidence"
"57","052","Beyond the Strain Name","AI, systems & organizational design","Founders, operators and innovation teams","Silent-first LinkedIn cut transcript","LOOK BEYOND THE NAME. KEEP COMPOSITION, CONTEXT, UNCERTAINTY, AND GOALS VISIBLE.","Silent-first LinkedIn cut transcript

LOOK BEYOND THE NAME. KEEP COMPOSITION, CONTEXT, UNCERTAINTY, AND GOALS VISIBLE.

Build 052 is one part of my 100 Builds experiment: research, strategy, design and implementation applied to questions too messy for a single discipline. Watch the 30-second cut, then explore the interactive version.

https://rn-portfolio-khaki.vercel.app/100-builds/052/b/

#ResponsibleAI #SystemsDesign #InnovationStrategy","https://rn-portfolio-khaki.vercel.app/100-builds/052/b/","#ResponsibleAI #SystemsDesign #InnovationStrategy","Silent-first LinkedIn cut transcript https://rn-portfolio-khaki.vercel.app/100-builds/052/b/","Silent-first LinkedIn cut transcript

LOOK BEYOND THE NAME. KEEP COMPOSITION, CONTEXT, UNCERTAINTY, AND GOALS VISIBLE.

Build 052/100. Film + interactive at the link in bio.

#ResponsibleAI #SystemsDesign #InnovationStrategy"
"58","037","Feedback is a signal, not a command","Law, governance & evidence","Legal and policy leaders","Feedback is a signal, not a command. Turn feedback into governed evidence for change.","Govern the route from signal to change.","Feedback is a signal, not a command. Turn feedback into governed evidence for change.

Govern the route from signal to change.

Build 037 is one part of my 100 Builds experiment: research, strategy, design and implementation applied to questions too messy for a single discipline. Watch the 30-second cut, then explore the interactive version.

https://rn-portfolio-khaki.vercel.app/100-builds/037/b/

#LegalDesign #AIGovernance #Evidence","https://rn-portfolio-khaki.vercel.app/100-builds/037/b/","#LegalDesign #AIGovernance #Evidence","Feedback is a signal, not a command. Turn feedback into governed evidence for change. https://rn-portfolio-khaki.vercel.app/100-builds/037/b/","Feedback is a signal, not a command. Turn feedback into governed evidence for change.

Govern the route from signal to change.

Build 037/100. Film + interactive at the link in bio.

#LegalDesign #AIGovernance #Evidence"
"59","053","Run a Tiny Experiment","AI, systems & organizational design","Founders, operators and innovation teams","Silent-first LinkedIn cut transcript","MAKE THE PROTOCOL VISIBLE: ALTERNATIVES, REPETITION, CONFOUNDING, AND UNCERTAINTY.","Silent-first LinkedIn cut transcript

MAKE THE PROTOCOL VISIBLE: ALTERNATIVES, REPETITION, CONFOUNDING, AND UNCERTAINTY.

Build 053 is one part of my 100 Builds experiment: research, strategy, design and implementation applied to questions too messy for a single discipline. Watch the 30-second cut, then explore the interactive version.

https://rn-portfolio-khaki.vercel.app/100-builds/053/b/

#ResponsibleAI #SystemsDesign #InnovationStrategy","https://rn-portfolio-khaki.vercel.app/100-builds/053/b/","#ResponsibleAI #SystemsDesign #InnovationStrategy","Silent-first LinkedIn cut transcript https://rn-portfolio-khaki.vercel.app/100-builds/053/b/","Silent-first LinkedIn cut transcript

MAKE THE PROTOCOL VISIBLE: ALTERNATIVES, REPETITION, CONFOUNDING, AND UNCERTAINTY.

Build 053/100. Film + interactive at the link in bio.

#ResponsibleAI #SystemsDesign #InnovationStrategy"
"60","039","A trace is evidence, not truth","Law, governance & evidence","Legal and policy leaders","A trace is evidence, not truth. Inspect agent activity without overstating what logs prove.","Escalate gaps before judging the outcome.","A trace is evidence, not truth. Inspect agent activity without overstating what logs prove.

Escalate gaps before judging the outcome.

Build 039 is one part of my 100 Builds experiment: research, strategy, design and implementation applied to questions too messy for a single discipline. Watch the 30-second cut, then explore the interactive version.

https://rn-portfolio-khaki.vercel.app/100-builds/039/b/

#LegalDesign #AIGovernance #Evidence","https://rn-portfolio-khaki.vercel.app/100-builds/039/b/","#LegalDesign #AIGovernance #Evidence","A trace is evidence, not truth. Inspect agent activity without overstating what logs prove. https://rn-portfolio-khaki.vercel.app/100-builds/039/b/","A trace is evidence, not truth. Inspect agent activity without overstating what logs prove.

Escalate gaps before judging the outcome.

Build 039/100. Film + interactive at the link in bio.

#LegalDesign #AIGovernance #Evidence"
"61","055","Let the Smart Home Explain Itself","AI, systems & organizational design","Founders, operators and innovation teams","Silent-first LinkedIn cut transcript","MAKE EVERY ACTION REVERSIBLE, EXPLAINABLE, OVERRIDABLE, AND RECOVERABLE.","Silent-first LinkedIn cut transcript

MAKE EVERY ACTION REVERSIBLE, EXPLAINABLE, OVERRIDABLE, AND RECOVERABLE.

Build 055 is one part of my 100 Builds experiment: research, strategy, design and implementation applied to questions too messy for a single discipline. Watch the 30-second cut, then explore the interactive version.

https://rn-portfolio-khaki.vercel.app/100-builds/055/b/

#ResponsibleAI #SystemsDesign #InnovationStrategy","https://rn-portfolio-khaki.vercel.app/100-builds/055/b/","#ResponsibleAI #SystemsDesign #InnovationStrategy","Silent-first LinkedIn cut transcript https://rn-portfolio-khaki.vercel.app/100-builds/055/b/","Silent-first LinkedIn cut transcript

MAKE EVERY ACTION REVERSIBLE, EXPLAINABLE, OVERRIDABLE, AND RECOVERABLE.

Build 055/100. Film + interactive at the link in bio.

#ResponsibleAI #SystemsDesign #InnovationStrategy"
"62","040","Confidence is not permission","Law, governance & evidence","Legal and policy leaders","Confidence is not permission. Stop or escalate when consequence outruns evidence.","Govern when AI must not continue.","Confidence is not permission. Stop or escalate when consequence outruns evidence.

Govern when AI must not continue.

Build 040 is one part of my 100 Builds experiment: research, strategy, design and implementation applied to questions too messy for a single discipline. Watch the 30-second cut, then explore the interactive version.

https://rn-portfolio-khaki.vercel.app/100-builds/040/b/

#LegalDesign #AIGovernance #Evidence","https://rn-portfolio-khaki.vercel.app/100-builds/040/b/","#LegalDesign #AIGovernance #Evidence","Confidence is not permission. Stop or escalate when consequence outruns evidence. https://rn-portfolio-khaki.vercel.app/100-builds/040/b/","Confidence is not permission. Stop or escalate when consequence outruns evidence.

Govern when AI must not continue.

Build 040/100. Film + interactive at the link in bio.

#LegalDesign #AIGovernance #Evidence"
"63","057","Show Me Where This Content Came From","AI, systems & organizational design","Founders, operators and innovation teams","Silent-first LinkedIn cut transcript","MAKE EVERY VERSION, SOURCE, PERSON, TOOL, TRANSFORMATION, AND UNKNOWN TRACEABLE.","Silent-first LinkedIn cut transcript

MAKE EVERY VERSION, SOURCE, PERSON, TOOL, TRANSFORMATION, AND UNKNOWN TRACEABLE.

Build 057 is one part of my 100 Builds experiment: research, strategy, design and implementation applied to questions too messy for a single discipline. Watch the 30-second cut, then explore the interactive version.

https://rn-portfolio-khaki.vercel.app/100-builds/057/b/

#ResponsibleAI #SystemsDesign #InnovationStrategy","https://rn-portfolio-khaki.vercel.app/100-builds/057/b/","#ResponsibleAI #SystemsDesign #InnovationStrategy","Silent-first LinkedIn cut transcript https://rn-portfolio-khaki.vercel.app/100-builds/057/b/","Silent-first LinkedIn cut transcript

MAKE EVERY VERSION, SOURCE, PERSON, TOOL, TRANSFORMATION, AND UNKNOWN TRACEABLE.

Build 057/100. Film + interactive at the link in bio.

#ResponsibleAI #SystemsDesign #InnovationStrategy"
"64","041","AI work needs an owner","Law, governance & evidence","Legal and policy leaders","AI work needs an owner. Connect every AI decision to accountable ownership.","Ownership must follow every decision.","AI work needs an owner. Connect every AI decision to accountable ownership.

Ownership must follow every decision.

Build 041 is one part of my 100 Builds experiment: research, strategy, design and implementation applied to questions too messy for a single discipline. Watch the 30-second cut, then explore the interactive version.

https://rn-portfolio-khaki.vercel.app/100-builds/041/b/

#LegalDesign #AIGovernance #Evidence","https://rn-portfolio-khaki.vercel.app/100-builds/041/b/","#LegalDesign #AIGovernance #Evidence","AI work needs an owner. Connect every AI decision to accountable ownership. https://rn-portfolio-khaki.vercel.app/100-builds/041/b/","AI work needs an owner. Connect every AI decision to accountable ownership.

Ownership must follow every decision.

Build 041/100. Film + interactive at the link in bio.

#LegalDesign #AIGovernance #Evidence"
"65","062","The Interview Is More Than a Transcript","AI, systems & organizational design","Founders, operators and innovation teams","Silent-first LinkedIn cut transcript","KEEP THE SOURCE ATTACHED. MAKE EVERY CONFLICT AND FOLLOW-UP REVIEWABLE.","Silent-first LinkedIn cut transcript

KEEP THE SOURCE ATTACHED. MAKE EVERY CONFLICT AND FOLLOW-UP REVIEWABLE.

Build 062 is one part of my 100 Builds experiment: research, strategy, design and implementation applied to questions too messy for a single discipline. Watch the 30-second cut, then explore the interactive version.

https://rn-portfolio-khaki.vercel.app/100-builds/062/b/

#ResponsibleAI #SystemsDesign #InnovationStrategy","https://rn-portfolio-khaki.vercel.app/100-builds/062/b/","#ResponsibleAI #SystemsDesign #InnovationStrategy","Silent-first LinkedIn cut transcript https://rn-portfolio-khaki.vercel.app/100-builds/062/b/","Silent-first LinkedIn cut transcript

KEEP THE SOURCE ATTACHED. MAKE EVERY CONFLICT AND FOLLOW-UP REVIEWABLE.

Build 062/100. Film + interactive at the link in bio.

#ResponsibleAI #SystemsDesign #InnovationStrategy"
"66","044","Requirements are not copy-paste blocks","Law, governance & evidence","Legal and policy leaders","Requirements are not copy-paste blocks. Reuse regulated structure while preserving legal context.","Reuse structure without losing regulation.","Requirements are not copy-paste blocks. Reuse regulated structure while preserving legal context.

Reuse structure without losing regulation.

Build 044 is one part of my 100 Builds experiment: research, strategy, design and implementation applied to questions too messy for a single discipline. Watch the 30-second cut, then explore the interactive version.

https://rn-portfolio-khaki.vercel.app/100-builds/044/b/

#LegalDesign #AIGovernance #Evidence","https://rn-portfolio-khaki.vercel.app/100-builds/044/b/","#LegalDesign #AIGovernance #Evidence","Requirements are not copy-paste blocks. Reuse regulated structure while preserving legal context. https://rn-portfolio-khaki.vercel.app/100-builds/044/b/","Requirements are not copy-paste blocks. Reuse regulated structure while preserving legal context.

Reuse structure without losing regulation.

Build 044/100. Film + interactive at the link in bio.

#LegalDesign #AIGovernance #Evidence"
"67","063","Research That Does Not Die in a Folder","AI, systems & organizational design","Founders, operators and innovation teams","Silent-first LinkedIn cut transcript","KEEP RESEARCH MOVING WITHOUT LOSING ITS LINEAGE.","Silent-first LinkedIn cut transcript

KEEP RESEARCH MOVING WITHOUT LOSING ITS LINEAGE.

Build 063 is one part of my 100 Builds experiment: research, strategy, design and implementation applied to questions too messy for a single discipline. Watch the 30-second cut, then explore the interactive version.

https://rn-portfolio-khaki.vercel.app/100-builds/063/b/

#ResponsibleAI #SystemsDesign #InnovationStrategy","https://rn-portfolio-khaki.vercel.app/100-builds/063/b/","#ResponsibleAI #SystemsDesign #InnovationStrategy","Silent-first LinkedIn cut transcript https://rn-portfolio-khaki.vercel.app/100-builds/063/b/","Silent-first LinkedIn cut transcript

KEEP RESEARCH MOVING WITHOUT LOSING ITS LINEAGE.

Build 063/100. Film + interactive at the link in bio.

#ResponsibleAI #SystemsDesign #InnovationStrategy"
"68","048","The rule and journey differ","Law, governance & evidence","Legal and policy leaders","The rule and journey differ. Compare formal policy with the burden of navigating it.","Judge policy through lived navigation.","The rule and journey differ. Compare formal policy with the burden of navigating it.

Judge policy through lived navigation.

Build 048 is one part of my 100 Builds experiment: research, strategy, design and implementation applied to questions too messy for a single discipline. Watch the 30-second cut, then explore the interactive version.

https://rn-portfolio-khaki.vercel.app/100-builds/048/b/

#LegalDesign #AIGovernance #Evidence","https://rn-portfolio-khaki.vercel.app/100-builds/048/b/","#LegalDesign #AIGovernance #Evidence","The rule and journey differ. Compare formal policy with the burden of navigating it. https://rn-portfolio-khaki.vercel.app/100-builds/048/b/","The rule and journey differ. Compare formal policy with the burden of navigating it.

Judge policy through lived navigation.

Build 048/100. Film + interactive at the link in bio.

#LegalDesign #AIGovernance #Evidence"
"69","064","An Industry With Amnesia","AI, systems & organizational design","Founders, operators and innovation teams","Silent-first LinkedIn cut transcript","MAKE INSTITUTIONAL MEMORY SURVIVE TURNOVER AND REMAIN USABLE.","Silent-first LinkedIn cut transcript

MAKE INSTITUTIONAL MEMORY SURVIVE TURNOVER AND REMAIN USABLE.

Build 064 is one part of my 100 Builds experiment: research, strategy, design and implementation applied to questions too messy for a single discipline. Watch the 30-second cut, then explore the interactive version.

https://rn-portfolio-khaki.vercel.app/100-builds/064/b/

#ResponsibleAI #SystemsDesign #InnovationStrategy","https://rn-portfolio-khaki.vercel.app/100-builds/064/b/","#ResponsibleAI #SystemsDesign #InnovationStrategy","Silent-first LinkedIn cut transcript https://rn-portfolio-khaki.vercel.app/100-builds/064/b/","Silent-first LinkedIn cut transcript

MAKE INSTITUTIONAL MEMORY SURVIVE TURNOVER AND REMAIN USABLE.

Build 064/100. Film + interactive at the link in bio.

#ResponsibleAI #SystemsDesign #InnovationStrategy"
"70","056","What Do You Actually Own?","Law, governance & evidence","Legal and policy leaders","Silent-first LinkedIn cut transcript","TEST WHAT SURVIVES REMOVAL. MAKE RIGHTS AND FAILURE PATHS LEGIBLE.","Silent-first LinkedIn cut transcript

TEST WHAT SURVIVES REMOVAL. MAKE RIGHTS AND FAILURE PATHS LEGIBLE.

Build 056 is one part of my 100 Builds experiment: research, strategy, design and implementation applied to questions too messy for a single discipline. Watch the 30-second cut, then explore the interactive version.

https://rn-portfolio-khaki.vercel.app/100-builds/056/b/

#LegalDesign #AIGovernance #Evidence","https://rn-portfolio-khaki.vercel.app/100-builds/056/b/","#LegalDesign #AIGovernance #Evidence","Silent-first LinkedIn cut transcript https://rn-portfolio-khaki.vercel.app/100-builds/056/b/","Silent-first LinkedIn cut transcript

TEST WHAT SURVIVES REMOVAL. MAKE RIGHTS AND FAILURE PATHS LEGIBLE.

Build 056/100. Film + interactive at the link in bio.

#LegalDesign #AIGovernance #Evidence"
"71","067","A Digital Twin Begins With Gaps","AI, systems & organizational design","Founders, operators and innovation teams","Silent-first LinkedIn cut transcript","A PERSONAL MODEL IS USEFUL WHEN UNKNOWN REMAINS VISIBLE.","Silent-first LinkedIn cut transcript

A PERSONAL MODEL IS USEFUL WHEN UNKNOWN REMAINS VISIBLE.

Build 067 is one part of my 100 Builds experiment: research, strategy, design and implementation applied to questions too messy for a single discipline. Watch the 30-second cut, then explore the interactive version.

https://rn-portfolio-khaki.vercel.app/100-builds/067/b/

#ResponsibleAI #SystemsDesign #InnovationStrategy","https://rn-portfolio-khaki.vercel.app/100-builds/067/b/","#ResponsibleAI #SystemsDesign #InnovationStrategy","Silent-first LinkedIn cut transcript https://rn-portfolio-khaki.vercel.app/100-builds/067/b/","Silent-first LinkedIn cut transcript

A PERSONAL MODEL IS USEFUL WHEN UNKNOWN REMAINS VISIBLE.

Build 067/100. Film + interactive at the link in bio.

#ResponsibleAI #SystemsDesign #InnovationStrategy"
"72","058","Trace a Claim All the Way Back","Law, governance & evidence","Legal and policy leaders","Silent-first LinkedIn cut transcript","MAKE THE EVIDENCE PATH VISIBLE. KEEP EVERY MATERIAL WORD TRACEABLE.","Silent-first LinkedIn cut transcript

MAKE THE EVIDENCE PATH VISIBLE. KEEP EVERY MATERIAL WORD TRACEABLE.

Build 058 is one part of my 100 Builds experiment: research, strategy, design and implementation applied to questions too messy for a single discipline. Watch the 30-second cut, then explore the interactive version.

https://rn-portfolio-khaki.vercel.app/100-builds/058/b/

#LegalDesign #AIGovernance #Evidence","https://rn-portfolio-khaki.vercel.app/100-builds/058/b/","#LegalDesign #AIGovernance #Evidence","Silent-first LinkedIn cut transcript https://rn-portfolio-khaki.vercel.app/100-builds/058/b/","Silent-first LinkedIn cut transcript

MAKE THE EVIDENCE PATH VISIBLE. KEEP EVERY MATERIAL WORD TRACEABLE.

Build 058/100. Film + interactive at the link in bio.

#LegalDesign #AIGovernance #Evidence"
"73","077","What Does This Change Actually Do?","AI, systems & organizational design","Founders, operators and innovation teams","GRAPH. CLAUSE → ACTOR → OBLIGATION → WORKFLOW. Connect change to triggered work.","Trace the consequence. Keep the claim narrow.","GRAPH. CLAUSE → ACTOR → OBLIGATION → WORKFLOW. Connect change to triggered work.

Trace the consequence. Keep the claim narrow.

Build 077 is one part of my 100 Builds experiment: research, strategy, design and implementation applied to questions too messy for a single discipline. Watch the 30-second cut, then explore the interactive version.

https://rn-portfolio-khaki.vercel.app/100-builds/077/b/

#ResponsibleAI #SystemsDesign #InnovationStrategy","https://rn-portfolio-khaki.vercel.app/100-builds/077/b/","#ResponsibleAI #SystemsDesign #InnovationStrategy","GRAPH. CLAUSE → ACTOR → OBLIGATION → WORKFLOW. Connect change to triggered work. https://rn-portfolio-khaki.vercel.app/100-builds/077/b/","GRAPH. CLAUSE → ACTOR → OBLIGATION → WORKFLOW. Connect change to triggered work.

Trace the consequence. Keep the claim narrow.

Build 077/100. Film + interactive at the link in bio.

#ResponsibleAI #SystemsDesign #InnovationStrategy"
"74","059","Verify the Legal Citation","Law, governance & evidence","Legal and policy leaders","Silent-first LinkedIn cut transcript","VERIFY BEFORE YOU RELY. KEEP AUTHORITY, LANGUAGE, PROPOSITION, AND TREATMENT DISTINCT.","Silent-first LinkedIn cut transcript

VERIFY BEFORE YOU RELY. KEEP AUTHORITY, LANGUAGE, PROPOSITION, AND TREATMENT DISTINCT.

Build 059 is one part of my 100 Builds experiment: research, strategy, design and implementation applied to questions too messy for a single discipline. Watch the 30-second cut, then explore the interactive version.

https://rn-portfolio-khaki.vercel.app/100-builds/059/b/

#LegalDesign #AIGovernance #Evidence","https://rn-portfolio-khaki.vercel.app/100-builds/059/b/","#LegalDesign #AIGovernance #Evidence","Silent-first LinkedIn cut transcript https://rn-portfolio-khaki.vercel.app/100-builds/059/b/","Silent-first LinkedIn cut transcript

VERIFY BEFORE YOU RELY. KEEP AUTHORITY, LANGUAGE, PROPOSITION, AND TREATMENT DISTINCT.

Build 059/100. Film + interactive at the link in bio.

#LegalDesign #AIGovernance #Evidence"
"75","081","What Might People Be Struggling With?","AI, systems & organizational design","Founders, operators and innovation teams","SIGNALS. PRESERVE WORDS + CONTEXT. Do not collapse posts into identities.","Listen for the missing system.","SIGNALS. PRESERVE WORDS + CONTEXT. Do not collapse posts into identities.

Listen for the missing system.

Build 081 is one part of my 100 Builds experiment: research, strategy, design and implementation applied to questions too messy for a single discipline. Watch the 30-second cut, then explore the interactive version.

https://rn-portfolio-khaki.vercel.app/100-builds/081/b/

#ResponsibleAI #SystemsDesign #InnovationStrategy","https://rn-portfolio-khaki.vercel.app/100-builds/081/b/","#ResponsibleAI #SystemsDesign #InnovationStrategy","SIGNALS. PRESERVE WORDS + CONTEXT. Do not collapse posts into identities. https://rn-portfolio-khaki.vercel.app/100-builds/081/b/","SIGNALS. PRESERVE WORDS + CONTEXT. Do not collapse posts into identities.

Listen for the missing system.

Build 081/100. Film + interactive at the link in bio.

#ResponsibleAI #SystemsDesign #InnovationStrategy"
"76","061","Why Did We Decide That?","Law, governance & evidence","Legal and policy leaders","Silent-first LinkedIn cut transcript","KEEP THEN AND NOW DISTINCT. MAKE THE ORIGINAL DECISION REVIEWABLE.","Silent-first LinkedIn cut transcript

KEEP THEN AND NOW DISTINCT. MAKE THE ORIGINAL DECISION REVIEWABLE.

Build 061 is one part of my 100 Builds experiment: research, strategy, design and implementation applied to questions too messy for a single discipline. Watch the 30-second cut, then explore the interactive version.

https://rn-portfolio-khaki.vercel.app/100-builds/061/b/

#LegalDesign #AIGovernance #Evidence","https://rn-portfolio-khaki.vercel.app/100-builds/061/b/","#LegalDesign #AIGovernance #Evidence","Silent-first LinkedIn cut transcript https://rn-portfolio-khaki.vercel.app/100-builds/061/b/","Silent-first LinkedIn cut transcript

KEEP THEN AND NOW DISTINCT. MAKE THE ORIGINAL DECISION REVIEWABLE.

Build 061/100. Film + interactive at the link in bio.

#LegalDesign #AIGovernance #Evidence"
"77","089","Stop Being the Only Database in Your Company","AI, systems & organizational design","Founders, operators and innovation teams","Stop being the only database. Externalize founder knowledge without automating judgment.","Make founder memory inspectable.","Stop being the only database. Externalize founder knowledge without automating judgment.

Make founder memory inspectable.

Build 089 is one part of my 100 Builds experiment: research, strategy, design and implementation applied to questions too messy for a single discipline. Watch the 30-second cut, then explore the interactive version.

https://rn-portfolio-khaki.vercel.app/100-builds/089/b/

#ResponsibleAI #SystemsDesign #InnovationStrategy","https://rn-portfolio-khaki.vercel.app/100-builds/089/b/","#ResponsibleAI #SystemsDesign #InnovationStrategy","Stop being the only database. Externalize founder knowledge without automating judgment. https://rn-portfolio-khaki.vercel.app/100-builds/089/b/","Stop being the only database. Externalize founder knowledge without automating judgment.

Make founder memory inspectable.

Build 089/100. Film + interactive at the link in bio.

#ResponsibleAI #SystemsDesign #InnovationStrategy"
"78","066","The Firm Knows More Than Its Folders","Law, governance & evidence","Legal and policy leaders","Silent-first LinkedIn cut transcript","LEGAL MEMORY BECOMES USABLE WHEN RELATIONSHIPS AND LIMITS STAY VISIBLE.","Silent-first LinkedIn cut transcript

LEGAL MEMORY BECOMES USABLE WHEN RELATIONSHIPS AND LIMITS STAY VISIBLE.

Build 066 is one part of my 100 Builds experiment: research, strategy, design and implementation applied to questions too messy for a single discipline. Watch the 30-second cut, then explore the interactive version.

https://rn-portfolio-khaki.vercel.app/100-builds/066/b/

#LegalDesign #AIGovernance #Evidence","https://rn-portfolio-khaki.vercel.app/100-builds/066/b/","#LegalDesign #AIGovernance #Evidence","Silent-first LinkedIn cut transcript https://rn-portfolio-khaki.vercel.app/100-builds/066/b/","Silent-first LinkedIn cut transcript

LEGAL MEMORY BECOMES USABLE WHEN RELATIONSHIPS AND LIMITS STAY VISIBLE.

Build 066/100. Film + interactive at the link in bio.

#LegalDesign #AIGovernance #Evidence"
"79","092","Rehearse Work Across People, AI and Software","AI, systems & organizational design","Founders, operators and innovation teams","The work lives between the tools. Route events, people, agents, approvals and exceptions.","Orchestrate the handoffs, not just apps.","The work lives between the tools. Route events, people, agents, approvals and exceptions.

Orchestrate the handoffs, not just apps.

Build 092 is one part of my 100 Builds experiment: research, strategy, design and implementation applied to questions too messy for a single discipline. Watch the 30-second cut, then explore the interactive version.

https://rn-portfolio-khaki.vercel.app/100-builds/092/b/

#ResponsibleAI #SystemsDesign #InnovationStrategy","https://rn-portfolio-khaki.vercel.app/100-builds/092/b/","#ResponsibleAI #SystemsDesign #InnovationStrategy","The work lives between the tools. Route events, people, agents, approvals and exceptions. https://rn-portfolio-khaki.vercel.app/100-builds/092/b/","The work lives between the tools. Route events, people, agents, approvals and exceptions.

Orchestrate the handoffs, not just apps.

Build 092/100. Film + interactive at the link in bio.

#ResponsibleAI #SystemsDesign #InnovationStrategy"
"80","068","Let Your AI Act—Without Giving It Your Life","Law, governance & evidence","Legal and policy leaders","Silent-first LinkedIn cut transcript","ACTION IS ACCOUNTABLE WHEN SCOPE, APPROVAL, OUTCOME, RECOVERY, AND AUDIT STAY CONNECTED.","Silent-first LinkedIn cut transcript

ACTION IS ACCOUNTABLE WHEN SCOPE, APPROVAL, OUTCOME, RECOVERY, AND AUDIT STAY CONNECTED.

Build 068 is one part of my 100 Builds experiment: research, strategy, design and implementation applied to questions too messy for a single discipline. Watch the 30-second cut, then explore the interactive version.

https://rn-portfolio-khaki.vercel.app/100-builds/068/b/

#LegalDesign #AIGovernance #Evidence","https://rn-portfolio-khaki.vercel.app/100-builds/068/b/","#LegalDesign #AIGovernance #Evidence","Silent-first LinkedIn cut transcript https://rn-portfolio-khaki.vercel.app/100-builds/068/b/","Silent-first LinkedIn cut transcript

ACTION IS ACCOUNTABLE WHEN SCOPE, APPROVAL, OUTCOME, RECOVERY, AND AUDIT STAY CONNECTED.

Build 068/100. Film + interactive at the link in bio.

#LegalDesign #AIGovernance #Evidence"
"81","096","Learn From Cannabis Experience Without Reducing People to Labels","AI, systems & organizational design","Founders, operators and innovation teams","Experience is more than a label. Learn patterns across composition, person, context and time.","Learn without flattening the person.","Experience is more than a label. Learn patterns across composition, person, context and time.

Learn without flattening the person.

Build 096 is one part of my 100 Builds experiment: research, strategy, design and implementation applied to questions too messy for a single discipline. Watch the 30-second cut, then explore the interactive version.

https://rn-portfolio-khaki.vercel.app/100-builds/096/b/

#ResponsibleAI #SystemsDesign #InnovationStrategy","https://rn-portfolio-khaki.vercel.app/100-builds/096/b/","#ResponsibleAI #SystemsDesign #InnovationStrategy","Experience is more than a label. Learn patterns across composition, person, context and time. https://rn-portfolio-khaki.vercel.app/100-builds/096/b/","Experience is more than a label. Learn patterns across composition, person, context and time.

Learn without flattening the person.

Build 096/100. Film + interactive at the link in bio.

#ResponsibleAI #SystemsDesign #InnovationStrategy"
"82","069","A Law Passed. Now What?","Law, governance & evidence","Legal and policy leaders","Silent-first LinkedIn cut transcript","TRACK DELIVERY, NOT CEREMONY. KEEP ENACTMENT, OWNERS, BLOCKERS, AND EVIDENCE CONNECTED.","Silent-first LinkedIn cut transcript

TRACK DELIVERY, NOT CEREMONY. KEEP ENACTMENT, OWNERS, BLOCKERS, AND EVIDENCE CONNECTED.

Build 069 is one part of my 100 Builds experiment: research, strategy, design and implementation applied to questions too messy for a single discipline. Watch the 30-second cut, then explore the interactive version.

https://rn-portfolio-khaki.vercel.app/100-builds/069/b/

#LegalDesign #AIGovernance #Evidence","https://rn-portfolio-khaki.vercel.app/100-builds/069/b/","#LegalDesign #AIGovernance #Evidence","Silent-first LinkedIn cut transcript https://rn-portfolio-khaki.vercel.app/100-builds/069/b/","Silent-first LinkedIn cut transcript

TRACK DELIVERY, NOT CEREMONY. KEEP ENACTMENT, OWNERS, BLOCKERS, AND EVIDENCE CONNECTED.

Build 069/100. Film + interactive at the link in bio.

#LegalDesign #AIGovernance #Evidence"
"83","097","Personalization You Can See and Control","AI, systems & organizational design","Founders, operators and innovation teams","Personalization you can control. Adapt through consented context with explanations and control.","Adaptation should remain inspectable.","Personalization you can control. Adapt through consented context with explanations and control.

Adaptation should remain inspectable.

Build 097 is one part of my 100 Builds experiment: research, strategy, design and implementation applied to questions too messy for a single discipline. Watch the 30-second cut, then explore the interactive version.

https://rn-portfolio-khaki.vercel.app/100-builds/097/b/

#ResponsibleAI #SystemsDesign #InnovationStrategy","https://rn-portfolio-khaki.vercel.app/100-builds/097/b/","#ResponsibleAI #SystemsDesign #InnovationStrategy","Personalization you can control. Adapt through consented context with explanations and control. https://rn-portfolio-khaki.vercel.app/100-builds/097/b/","Personalization you can control. Adapt through consented context with explanations and control.

Adaptation should remain inspectable.

Build 097/100. Film + interactive at the link in bio.

#ResponsibleAI #SystemsDesign #InnovationStrategy"
"84","070","Legalization Is a Lifecycle","Law, governance & evidence","Legal and policy leaders","Silent-first LinkedIn cut transcript","FOLLOW THE WHOLE SYSTEM: DELIVERY, EVIDENCE, CONTEST, EVALUATION, AND REVISION.","Silent-first LinkedIn cut transcript

FOLLOW THE WHOLE SYSTEM: DELIVERY, EVIDENCE, CONTEST, EVALUATION, AND REVISION.

Build 070 is one part of my 100 Builds experiment: research, strategy, design and implementation applied to questions too messy for a single discipline. Watch the 30-second cut, then explore the interactive version.

https://rn-portfolio-khaki.vercel.app/100-builds/070/b/

#LegalDesign #AIGovernance #Evidence","https://rn-portfolio-khaki.vercel.app/100-builds/070/b/","#LegalDesign #AIGovernance #Evidence","Silent-first LinkedIn cut transcript https://rn-portfolio-khaki.vercel.app/100-builds/070/b/","Silent-first LinkedIn cut transcript

FOLLOW THE WHOLE SYSTEM: DELIVERY, EVIDENCE, CONTEST, EVALUATION, AND REVISION.

Build 070/100. Film + interactive at the link in bio.

#LegalDesign #AIGovernance #Evidence"
"85","071","Fictional Medical-Cannabis Access Gates","Law, governance & evidence","Legal and policy leaders","Silent-first LinkedIn cut transcript","TRACK THE DISTANCE BETWEEN LEGAL AND REACHABLE. KEEP EVERY ACCESS GATE CONNECTED.","Silent-first LinkedIn cut transcript

TRACK THE DISTANCE BETWEEN LEGAL AND REACHABLE. KEEP EVERY ACCESS GATE CONNECTED.

Build 071 is one part of my 100 Builds experiment: research, strategy, design and implementation applied to questions too messy for a single discipline. Watch the 30-second cut, then explore the interactive version.

https://rn-portfolio-khaki.vercel.app/100-builds/071/b/

#LegalDesign #AIGovernance #Evidence","https://rn-portfolio-khaki.vercel.app/100-builds/071/b/","#LegalDesign #AIGovernance #Evidence","Silent-first LinkedIn cut transcript https://rn-portfolio-khaki.vercel.app/100-builds/071/b/","Silent-first LinkedIn cut transcript

TRACK THE DISTANCE BETWEEN LEGAL AND REACHABLE. KEEP EVERY ACCESS GATE CONNECTED.

Build 071/100. Film + interactive at the link in bio.

#LegalDesign #AIGovernance #Evidence"
"86","074","Is the System Actually Ready?","Law, governance & evidence","Legal and policy leaders","MEASURE. ENACTMENT ≠ IMPLEMENTATION. Test affordability, workforce, equity, safety, outcomes.","Compare implementation. Keep evidence visible.","MEASURE. ENACTMENT ≠ IMPLEMENTATION. Test affordability, workforce, equity, safety, outcomes.

Compare implementation. Keep evidence visible.

Build 074 is one part of my 100 Builds experiment: research, strategy, design and implementation applied to questions too messy for a single discipline. Watch the 30-second cut, then explore the interactive version.

https://rn-portfolio-khaki.vercel.app/100-builds/074/b/

#LegalDesign #AIGovernance #Evidence","https://rn-portfolio-khaki.vercel.app/100-builds/074/b/","#LegalDesign #AIGovernance #Evidence","MEASURE. ENACTMENT ≠ IMPLEMENTATION. Test affordability, workforce, equity, safety, outcomes. https://rn-portfolio-khaki.vercel.app/100-builds/074/b/","MEASURE. ENACTMENT ≠ IMPLEMENTATION. Test affordability, workforce, equity, safety, outcomes.

Compare implementation. Keep evidence visible.

Build 074/100. Film + interactive at the link in bio.

#LegalDesign #AIGovernance #Evidence"
"87","075","Same Goal, Different Regulatory Machine","Law, governance & evidence","Legal and policy leaders","OPEN. GOVERNANCE. INSTITUTIONS. LICENSING. Trace authority and entry.","Compare tradeoffs. Keep claims small.","OPEN. GOVERNANCE. INSTITUTIONS. LICENSING. Trace authority and entry.

Compare tradeoffs. Keep claims small.

Build 075 is one part of my 100 Builds experiment: research, strategy, design and implementation applied to questions too messy for a single discipline. Watch the 30-second cut, then explore the interactive version.

https://rn-portfolio-khaki.vercel.app/100-builds/075/b/

#LegalDesign #AIGovernance #Evidence","https://rn-portfolio-khaki.vercel.app/100-builds/075/b/","#LegalDesign #AIGovernance #Evidence","OPEN. GOVERNANCE. INSTITUTIONS. LICENSING. Trace authority and entry. https://rn-portfolio-khaki.vercel.app/100-builds/075/b/","OPEN. GOVERNANCE. INSTITUTIONS. LICENSING. Trace authority and entry.

Compare tradeoffs. Keep claims small.

Build 075/100. Film + interactive at the link in bio.

#LegalDesign #AIGovernance #Evidence"
"88","076","What Is Actually Different Between These Laws?","Law, governance & evidence","Legal and policy leaders","QUESTION. WHO? WHAT AUTHORITY? WHEN? Narrow the comparison first.","Trace the difference. Keep the source.","QUESTION. WHO? WHAT AUTHORITY? WHEN? Narrow the comparison first.

Trace the difference. Keep the source.

Build 076 is one part of my 100 Builds experiment: research, strategy, design and implementation applied to questions too messy for a single discipline. Watch the 30-second cut, then explore the interactive version.

https://rn-portfolio-khaki.vercel.app/100-builds/076/b/

#LegalDesign #AIGovernance #Evidence","https://rn-portfolio-khaki.vercel.app/100-builds/076/b/","#LegalDesign #AIGovernance #Evidence","QUESTION. WHO? WHAT AUTHORITY? WHEN? Narrow the comparison first. https://rn-portfolio-khaki.vercel.app/100-builds/076/b/","QUESTION. WHO? WHAT AUTHORITY? WHEN? Narrow the comparison first.

Trace the difference. Keep the source.

Build 076/100. Film + interactive at the link in bio.

#LegalDesign #AIGovernance #Evidence"
"89","078","Translate the Evidence Without Breaking It","Law, governance & evidence","Legal and policy leaders","ANCHORS. SOURCE. QUALITY. CLAIM. POPULATION. OUTCOME. Fix what cannot change.","Change the language. Keep the evidence intact.","ANCHORS. SOURCE. QUALITY. CLAIM. POPULATION. OUTCOME. Fix what cannot change.

Change the language. Keep the evidence intact.

Build 078 is one part of my 100 Builds experiment: research, strategy, design and implementation applied to questions too messy for a single discipline. Watch the 30-second cut, then explore the interactive version.

https://rn-portfolio-khaki.vercel.app/100-builds/078/b/

#LegalDesign #AIGovernance #Evidence","https://rn-portfolio-khaki.vercel.app/100-builds/078/b/","#LegalDesign #AIGovernance #Evidence","ANCHORS. SOURCE. QUALITY. CLAIM. POPULATION. OUTCOME. Fix what cannot change. https://rn-portfolio-khaki.vercel.app/100-builds/078/b/","ANCHORS. SOURCE. QUALITY. CLAIM. POPULATION. OUTCOME. Fix what cannot change.

Change the language. Keep the evidence intact.

Build 078/100. Film + interactive at the link in bio.

#LegalDesign #AIGovernance #Evidence"
"90","079","Find the Psychedelic Evidence That Actually Answers Your Question","Law, governance & evidence","Legal and policy leaders","DIMENSIONS. QUESTION. POPULATION. CONTEXT. OUTCOME. Test relevance explicitly.","Find what answers the question.","DIMENSIONS. QUESTION. POPULATION. CONTEXT. OUTCOME. Test relevance explicitly.

Find what answers the question.

Build 079 is one part of my 100 Builds experiment: research, strategy, design and implementation applied to questions too messy for a single discipline. Watch the 30-second cut, then explore the interactive version.

https://rn-portfolio-khaki.vercel.app/100-builds/079/b/

#LegalDesign #AIGovernance #Evidence","https://rn-portfolio-khaki.vercel.app/100-builds/079/b/","#LegalDesign #AIGovernance #Evidence","DIMENSIONS. QUESTION. POPULATION. CONTEXT. OUTCOME. Test relevance explicitly. https://rn-portfolio-khaki.vercel.app/100-builds/079/b/","DIMENSIONS. QUESTION. POPULATION. CONTEXT. OUTCOME. Test relevance explicitly.

Find what answers the question.

Build 079/100. Film + interactive at the link in bio.

#LegalDesign #AIGovernance #Evidence"
"91","080","Turn Reporting Into Public Infrastructure","Law, governance & evidence","Legal and policy leaders","PIPELINE. STORY. INTERVIEW. FIELD. RECORD. QUESTION. Preserve dates, rights, verification, limits.","Reporting can become public infrastructure.","PIPELINE. STORY. INTERVIEW. FIELD. RECORD. QUESTION. Preserve dates, rights, verification, limits.

Reporting can become public infrastructure.

Build 080 is one part of my 100 Builds experiment: research, strategy, design and implementation applied to questions too messy for a single discipline. Watch the 30-second cut, then explore the interactive version.

https://rn-portfolio-khaki.vercel.app/100-builds/080/b/

#LegalDesign #AIGovernance #Evidence","https://rn-portfolio-khaki.vercel.app/100-builds/080/b/","#LegalDesign #AIGovernance #Evidence","PIPELINE. STORY. INTERVIEW. FIELD. RECORD. QUESTION. Preserve dates, rights, verification, limits. https://rn-portfolio-khaki.vercel.app/100-builds/080/b/","PIPELINE. STORY. INTERVIEW. FIELD. RECORD. QUESTION. Preserve dates, rights, verification, limits.

Reporting can become public infrastructure.

Build 080/100. Film + interactive at the link in bio.

#LegalDesign #AIGovernance #Evidence"
"92","083","Turn Real Work Into Public Proof Without Leaking the Work","Law, governance & evidence","Legal and policy leaders","FILTER. CONFIDENTIALITY. SOURCE. RIGHTS. Admit, generalize, hold, or escalate.","Turn real work into public proof—safely.","FILTER. CONFIDENTIALITY. SOURCE. RIGHTS. Admit, generalize, hold, or escalate.

Turn real work into public proof—safely.

Build 083 is one part of my 100 Builds experiment: research, strategy, design and implementation applied to questions too messy for a single discipline. Watch the 30-second cut, then explore the interactive version.

https://rn-portfolio-khaki.vercel.app/100-builds/083/b/

#LegalDesign #AIGovernance #Evidence","https://rn-portfolio-khaki.vercel.app/100-builds/083/b/","#LegalDesign #AIGovernance #Evidence","FILTER. CONFIDENTIALITY. SOURCE. RIGHTS. Admit, generalize, hold, or escalate. https://rn-portfolio-khaki.vercel.app/100-builds/083/b/","FILTER. CONFIDENTIALITY. SOURCE. RIGHTS. Admit, generalize, hold, or escalate.

Turn real work into public proof—safely.

Build 083/100. Film + interactive at the link in bio.

#LegalDesign #AIGovernance #Evidence"
"93","085","Who Is Shaping This Decision?","Law, governance & evidence","Legal and policy leaders","Who is shaping this decision? Map influence without turning evidence into accusation.","A power map is not a verdict.","Who is shaping this decision? Map influence without turning evidence into accusation.

A power map is not a verdict.

Build 085 is one part of my 100 Builds experiment: research, strategy, design and implementation applied to questions too messy for a single discipline. Watch the 30-second cut, then explore the interactive version.

https://rn-portfolio-khaki.vercel.app/100-builds/085/b/

#LegalDesign #AIGovernance #Evidence","https://rn-portfolio-khaki.vercel.app/100-builds/085/b/","#LegalDesign #AIGovernance #Evidence","Who is shaping this decision? Map influence without turning evidence into accusation. https://rn-portfolio-khaki.vercel.app/100-builds/085/b/","Who is shaping this decision? Map influence without turning evidence into accusation.

A power map is not a verdict.

Build 085/100. Film + interactive at the link in bio.

#LegalDesign #AIGovernance #Evidence"
"94","086","Use the Post as a Prototype","Law, governance & evidence","Legal and policy leaders","Use the post as a prototype. Use publishing signals to choose the next product test.","Let evidence choose the next test.","Use the post as a prototype. Use publishing signals to choose the next product test.

Let evidence choose the next test.

Build 086 is one part of my 100 Builds experiment: research, strategy, design and implementation applied to questions too messy for a single discipline. Watch the 30-second cut, then explore the interactive version.

https://rn-portfolio-khaki.vercel.app/100-builds/086/b/

#LegalDesign #AIGovernance #Evidence","https://rn-portfolio-khaki.vercel.app/100-builds/086/b/","#LegalDesign #AIGovernance #Evidence","Use the post as a prototype. Use publishing signals to choose the next product test. https://rn-portfolio-khaki.vercel.app/100-builds/086/b/","Use the post as a prototype. Use publishing signals to choose the next product test.

Let evidence choose the next test.

Build 086/100. Film + interactive at the link in bio.

#LegalDesign #AIGovernance #Evidence"
"95","087","Build Your Own Media System","Law, governance & evidence","Legal and policy leaders","Build your own media system. Coordinate source, rights, versions, channels and reuse.","Reuse without losing the lineage.","Build your own media system. Coordinate source, rights, versions, channels and reuse.

Reuse without losing the lineage.

Build 087 is one part of my 100 Builds experiment: research, strategy, design and implementation applied to questions too messy for a single discipline. Watch the 30-second cut, then explore the interactive version.

https://rn-portfolio-khaki.vercel.app/100-builds/087/b/

#LegalDesign #AIGovernance #Evidence","https://rn-portfolio-khaki.vercel.app/100-builds/087/b/","#LegalDesign #AIGovernance #Evidence","Build your own media system. Coordinate source, rights, versions, channels and reuse. https://rn-portfolio-khaki.vercel.app/100-builds/087/b/","Build your own media system. Coordinate source, rights, versions, channels and reuse.

Reuse without losing the lineage.

Build 087/100. Film + interactive at the link in bio.

#LegalDesign #AIGovernance #Evidence"
"96","090","Build a Research Team of AI Agents That Can Show Their Work","Law, governance & evidence","Legal and policy leaders","Build agents that show their work. Govern discovery, challenge, verification and escalation.","Use only the verified answer.","Build agents that show their work. Govern discovery, challenge, verification and escalation.

Use only the verified answer.

Build 090 is one part of my 100 Builds experiment: research, strategy, design and implementation applied to questions too messy for a single discipline. Watch the 30-second cut, then explore the interactive version.

https://rn-portfolio-khaki.vercel.app/100-builds/090/b/

#LegalDesign #AIGovernance #Evidence","https://rn-portfolio-khaki.vercel.app/100-builds/090/b/","#LegalDesign #AIGovernance #Evidence","Build agents that show their work. Govern discovery, challenge, verification and escalation. https://rn-portfolio-khaki.vercel.app/100-builds/090/b/","Build agents that show their work. Govern discovery, challenge, verification and escalation.

Use only the verified answer.

Build 090/100. Film + interactive at the link in bio.

#LegalDesign #AIGovernance #Evidence"
"97","091","What Is This AI Allowed to Remember?","Law, governance & evidence","Legal and policy leaders","What may this AI remember? Control retrieval, inference, sharing and forgetting.","Memory is a governed resource.","What may this AI remember? Control retrieval, inference, sharing and forgetting.

Memory is a governed resource.

Build 091 is one part of my 100 Builds experiment: research, strategy, design and implementation applied to questions too messy for a single discipline. Watch the 30-second cut, then explore the interactive version.

https://rn-portfolio-khaki.vercel.app/100-builds/091/b/

#LegalDesign #AIGovernance #Evidence","https://rn-portfolio-khaki.vercel.app/100-builds/091/b/","#LegalDesign #AIGovernance #Evidence","What may this AI remember? Control retrieval, inference, sharing and forgetting. https://rn-portfolio-khaki.vercel.app/100-builds/091/b/","What may this AI remember? Control retrieval, inference, sharing and forgetting.

Memory is a governed resource.

Build 091/100. Film + interactive at the link in bio.

#LegalDesign #AIGovernance #Evidence"
"98","094","Inspect a Fictional Evidence Chain","Law, governance & evidence","Legal and policy leaders","Can you prove how work happened? Reconstruct the rule, consent, evidence, action and approval.","An audit trail reconstructs the decision.","Can you prove how work happened? Reconstruct the rule, consent, evidence, action and approval.

An audit trail reconstructs the decision.

Build 094 is one part of my 100 Builds experiment: research, strategy, design and implementation applied to questions too messy for a single discipline. Watch the 30-second cut, then explore the interactive version.

https://rn-portfolio-khaki.vercel.app/100-builds/094/b/

#LegalDesign #AIGovernance #Evidence","https://rn-portfolio-khaki.vercel.app/100-builds/094/b/","#LegalDesign #AIGovernance #Evidence","Can you prove how work happened? Reconstruct the rule, consent, evidence, action and approval. https://rn-portfolio-khaki.vercel.app/100-builds/094/b/","Can you prove how work happened? Reconstruct the rule, consent, evidence, action and approval.

An audit trail reconstructs the decision.

Build 094/100. Film + interactive at the link in bio.

#LegalDesign #AIGovernance #Evidence"
"99","095","Institutional Conditions Observatory","Law, governance & evidence","Legal and policy leaders","Observe fictional institutional conditions. Keep population limits and uncertainty visible.","Association is not causation.","Observe fictional institutional conditions. Keep population limits and uncertainty visible.

Association is not causation.

Build 095 is one part of my 100 Builds experiment: research, strategy, design and implementation applied to questions too messy for a single discipline. Watch the 30-second cut, then explore the interactive version.

https://rn-portfolio-khaki.vercel.app/100-builds/095/b/

#LegalDesign #AIGovernance #Evidence","https://rn-portfolio-khaki.vercel.app/100-builds/095/b/","#LegalDesign #AIGovernance #Evidence","Observe fictional institutional conditions. Keep population limits and uncertainty visible. https://rn-portfolio-khaki.vercel.app/100-builds/095/b/","Observe fictional institutional conditions. Keep population limits and uncertainty visible.

Association is not causation.

Build 095/100. Film + interactive at the link in bio.

#LegalDesign #AIGovernance #Evidence"
"100","099","Fictional Archipelago Data Commons","Law, governance & evidence","Legal and policy leaders","Test a fictional archipelago data commons. Every place, steward, and dataset is invented.","CARE is context—not community authorization.","Test a fictional archipelago data commons. Every place, steward, and dataset is invented.

CARE is context—not community authorization.

Build 099 is one part of my 100 Builds experiment: research, strategy, design and implementation applied to questions too messy for a single discipline. Watch the 30-second cut, then explore the interactive version.

https://rn-portfolio-khaki.vercel.app/100-builds/099/b/

#LegalDesign #AIGovernance #Evidence","https://rn-portfolio-khaki.vercel.app/100-builds/099/b/","#LegalDesign #AIGovernance #Evidence","Test a fictional archipelago data commons. Every place, steward, and dataset is invented. https://rn-portfolio-khaki.vercel.app/100-builds/099/b/","Test a fictional archipelago data commons. Every place, steward, and dataset is invented.

CARE is context—not community authorization.

Build 099/100. Film + interactive at the link in bio.

#LegalDesign #AIGovernance #Evidence"
